วันที่,Facebook,สาเหตุที่ไม่ซื้อ,เวลาทัก,เวลาร้านตอบกลับ,difference,tRespond
17-ก.พ.-22,သားယူဘ မိုးမိုး ပါပါး,ทักมาแล้วหายไปเลย,10.08,14.15,-4.07,4.07
17-ก.พ.-22,Areerut Choosanga,ทักมาแล้วหายไปเลย,15.33,20.04,-4.71,4.71
17-ก.พ.-22,Win Kine,ทักมาแล้วหายไปเลย,19.51,20.03,-0.52,0.52
17-ก.พ.-22,สีพะพา เจ๊บ,รู้ราคาแล้วหายไป,20.38,20.38,0,0
17-ก.พ.-22,Nu Ben,รู้ราคาแล้วหายไป,20.06,20.07,-0.01,0.01
16-ก.พ.-22,โอ๋ Jaikliang,ทักมาแล้วหายไปเลย,11.18,14.56,-3.38,3.38
18-ก.พ.-22,ยุพิน เปลี่ยนจันทึก,ทักมาแล้วหายไปเลย,7.42,9.02,-1.6,1.6
21-ก.พ.-22,สตรอง เท่านั้น,ทักมาแล้วหายไปเลย,21.31,21.31,0,0
21-ก.พ.-22,วราทิพย์ เมย์ เมย์เม่,ทักมาแล้วหายไปเลย,19.14,21.32,-2.18,2.18
19-ก.พ.-22,Thiraphorn Phalarote,ทักมาแล้วหายไปเลย,14.08,14.37,-0.29,0.29
21-ก.พ.-22,ไรน่ะ ชื่อไรว่ะลืม,ทักมาแล้วหายไปเลย,13.48,14.41,-0.93,0.93
21-ก.พ.-22,โสดก็เหงา รักเขาก็เจ็บ,ทักมาแล้วหายไปเลย,14.41,14.41,0,0
21-ก.พ.-22,Oaxy Kwara,ทักมาแล้วหายไปเลย,15.36,15.37,-0.01,0.01
19-ก.พ.-22,แพขวัญ วรกาญจนิธิกุล,ทักมาแล้วหายไปเลย,8.33,8.47,-0.14,0.14
22-ก.พ.-22,ดอกไม้ สีทอง,รู้ราคาแล้วหายไป,22.06,22.07,-0.01,0.01
16-ก.พ.-22,สุจินดา ลีวัง,ทักมาแล้วหายไปเลย,6.38,7.27,-0.89,0.89
26-ก.พ.-22,Khanitthe Singsathan,ทักมาแล้วหายไปเลย,19.04,19.04,0,0
26-ก.พ.-22,Tina Booddee,ทักมาแล้วหายไปเลย,7.46,20.1,-37.04,37.04
1-มี.ค.-22,Ooy Arisara,ทักมาแล้วหายไปเลย,11.36,11.42,-0.06,0.06
1-มี.ค.-22,ได้แค่ไหน ก็เอาแค่นั้น,รู้ราคาแล้วหายไป,14.36,14.36,0,0
1-มี.ค.-22 ,แสง คำ,รู้ราคาแล้วหายไป,7.28,11.41,-4.13,4.13
2-มี.ค.-22,สุชานันท์ บำรุงฤทธิ์,ถามการใช้งานแล้วหายไป,21.21,21.22,-0.01,0.01
7-มี.ค.-22,ธันย์สิตา ทาทอง,ทักมาแล้วหายไปเลย,17.51,18.42,-0.91,0.91
9-มี.ค.-22 ,เพชรรุ้ง ต่วนเวขยันตร์,ทักมาแล้วหายไปเลย,7.44,7.44,0,0
8-มี.ค.-22,Supaporn Kunchaem,ทักมาแล้วหายไปเลย,20.02,20.03,-0.01,0.01
7-มี.ค.-22,สุพัตรา ปาด้วง,ทักมาแล้วหายไปเลย,18.35,18.41,-0.06,0.06
3-มี.ค.-22,Aroonrat Senaprem,รู้ราคาแล้วหายไป,6:54,8.31,-1.77,1.77
6-มี.ค.-22 ,มุกมณี สีน้ำเงิน,ทักมาแล้วหายไปเลย,15.31,7.48,-16.17,16.17
9-มี.ค.-22 ,กนิต้า รักชูมคง,ทักมาแล้วหายไปเลย,0.22,7.44,-7.22,7.22
8-มี.ค.-22,Fern Sloth Eiei,ทักมาแล้วหายไปเลย,23.41,7.44,-8.03,8.03
22-ก.พ.-22 ,ฐิติณัชญา ใจมณี,รู้ราคาแล้วหายไป,14.58,17.58,-3,3
1-มี.ค.-22 ,ฟ้า นภัสวรรณ,รู้ราคาแล้วหายไป,18.44,18.44,0,0
8-มี.ค.-22,เก๋ เพ็ญศรี,ทักมาแล้วหายไปเลย,22.51,23.27,-0.76,0.76
9-มี.ค.-22,Ber Ber,ทักมาแล้วหายไปเลย,5.48,7.41,-1.93,1.93
8-มี.ค.-22,สุภาพร บ่อแก้ว,ทักมาแล้วหายไปเลย,19.11,19.11,0,0
4-มี.ค.-22,TA Lita,รู้ราคาแล้วหายไป,10.21,10.22,-0.01,0.01
9-มี.ค.-22,Jennita Jen Moonikhom,ทักมาแล้วหายไปเลย,8.09,8.41,-0.32,0.32
2-มี.ค.-22 ,อรษา แคชัยภมิ,ทักมาแล้วหายไปเลย,5.29,5.29,0,0
9-มี.ค.-22,Nutwara Suwannat,ทักมาแล้วหายไปเลย,10.01,10.01,0,0
9-มี.ค.-22,Toun Photisane,ทักมาแล้วหายไปเลย,8.35,8.39,-0.04,0.04
9-มี.ค.-22 ,ปลามุส ปลามุน,ทักมาแล้วหายไปเลย,5.14,7.42,-2.28,2.28
25-ก.พ.-22,Apple Bussayamart,ทักมาแล้วหายไปเลย,17.56,11.43,-18.27,18.27
9-มี.ค.-22,វីសារ វីសារ,ทักมาแล้วหายไปเลย,10.35,11.06,-0.71,0.71
9-มี.ค.-22 ,จิรสุภา เพ่งเขม้น,รู้ราคาแล้วหายไป,12.51,12.51,0,0
9-มี.ค.-22,กนุกกนิก ซินดี้ พบลาภ,รู้ราคาแล้วหายไป,13.04,13.06,-0.02,0.02
9-มี.ค.-22,สการัตน์ ขันโอลาน,ทักมาแล้วหายไปเลย,13.57,13.58,-0.01,0.01
9-มี.ค.-22,ในไจเจ้า ยู่บ่อ หยังข่อย,ทักมาแล้วหายไปเลย,14.53,16.11,-1.58,1.58
9-มี.ค.-22,LadyNice Jina,ทักมาแล้วหายไปเลย,16.36,16.36,0,0
9-มี.ค.-22 ,มามูด้า แพนด้า,ทักมาแล้วหายไปเลย,20.15,21.26,-1.11,1.11
9-มี.ค.-22,AH HToo,ทักมาแล้วหายไปเลย,17.14,21.26,-4.12,4.12
9-มี.ค.-22,Kheuavanh Phaivan,ทักมาแล้วหายไปเลย,18.31,21.26,-2.95,2.95
8-มี.ค.-22,Mind Pattrawadee,รู้ราคาแล้วหายไป,12.51,12.51,0,0
9-มี.ค.-22,Lek Lek,ทักมาแล้วหายไปเลย,23.01,23.01,0,0
10-มี.ค.-22,Poppy Waris,ทักมาแล้วหายไปเลย,7.53,7.53,0,0
9-มี.ค.-22,นาง โรย,รู้ราคาแล้วหายไป,22.02,22.25,-0.23,0.23
10-มี.ค.-22,Katanyuta Prakongpak,ทักมาแล้วหายไปเลย,15.02,15.45,-0.43,0.43
10-มี.ค.-22,Noi Phantrira,ทักมาแล้วหายไปเลย,12.46,15.46,-3,3
10-มี.ค.-22 ,สมหทัย สุวรรณภา,ทักมาแล้วหายไปเลย,15.48,15.48,0,0
10-มี.ค.-22,สุมลฑา ศรีงามฉ่ำ,ทักมาแล้วหายไปเลย,16.02,16.02,0,0
10-มี.ค.-22,Vassana Boonnoi,ทักมาแล้วหายไปเลย,19.23,20.38,-1.15,1.15
10-มี.ค.-22,เยาวรัตน์ อินก้อ,รู้ราคาแล้วหายไป,18.35,20.38,-2.03,2.03
10-มี.ค.-22,Pimmy Pimlada,ทักมาแล้วหายไปเลย,19.01,20.38,-1.37,1.37
10-มี.ค.-22,Nan Phawt He Thaunt,ทักมาแล้วหายไปเลย,18.48,20.39,-1.91,1.91
11-มี.ค.-22 ,Sofia Saengviman,ทักมาแล้วหายไปเลย,1.07,1.07,0,0
11-มี.ค.-22 ,Pucha Aple,ทักมาแล้วหายไปเลย,0.46,0.46,0,0
10-มี.ค.-22 ,Suphan Kanchanaburi,ทักมาแล้วหายไปเลย,22.7,22.7,0,0
11-มี.ค.-22,Vanny Vat,ร้านไม่ตอบ,NaN,NaN,NaN,NaN
11-มี.ค.-22,Thananya Kamjampa,ทักมาแล้วหายไปเลย,12.33,12.33,0,0
11-มี.ค.-22 ,Ananya Phusuk,ทักมาแล้วหายไปเลย,12.23,16.48,-4.25,4.25
11-มี.ค.-22,សេង ស្រី លីន,ทักมาแล้วหายไปเลย,11.48,16.51,-5.03,5.03
11-มี.ค.-22 ,Malai Pangtong,รู้ราคาแล้วหายไป,16.51,16.52,-0.01,0.01
11-มี.ค.-22 ,Sasitorn Salitham,ถามการใช้งานแล้วหายไป,17.46,17.47,-0.01,0.01
11-มี.ค.-22,เสาวนิตย์ ขจรศุภสวัสดิ์,รู้ราคาแล้วหายไป,18.04,18.04,0,0
11-มี.ค.-22,นัดทะพอน แก้วละคอน,รู้ราคาแล้วหายไป,20.11,20.12,-0.01,0.01
12-มี.ค.-22,Auuraiiwan Setthasawet,ร้านไม่ตอบ,NaN,NaN,NaN,NaN
11-มี.ค.-22,ชนา นัน,ถามการใช้งานแล้วหายไป,21.31,5.49,-8.18,8.18
12-มี.ค.-22,ไอซ์ คิตตี้,ทักมาแล้วหายไปเลย,5.19,5.51,-0.32,0.32
12-มี.ค.-22,วันเพ็ญ ชื่นรุ่ง,ถามการใช้งานแล้วหายไป,8.44,10.33,-1.89,1.89
12-มี.ค.-22,Sudaporn Srinorajan,ทักมาแล้วหายไปเลย,8.24,10.34,-2.1,2.1
12-มี.ค.-22 ,ส้ม ฤทัยรัตน์,ทักมาแล้วหายไปเลย,7.53,10.35,-2.82,2.82
12-มี.ค.-22 ,TuiNui Napida,ทักมาแล้วหายไปเลย,11.54,14.13,-2.59,2.59
12-มี.ค.-22,เสาวณี ปิ่นทอง,ทักมาแล้วหายไปเลย,13.15,13.15,0,0
12-มี.ค.-22,Wanwipha Dampan,รู้ราคาแล้วหายไป,15.38,15.38,0,0
12-มี.ค.-22,Pakpichamon Chatkunyawat,ทักมาแล้วหายไปเลย,19.25,19.25,0,0
12-มี.ค.-22,ชาลินี ดวงเเก้ว,รู้ราคาแล้วหายไป,19.56,20.54,-0.98,0.98
12-มี.ค.-22,จันทนี อินทชัย,ทักมาแล้วหายไปเลย,21.09,21.18,-0.09,0.09
13-มี.ค.-22,Juje Karnoktip,ทักมาแล้วหายไปเลย,13.11,13.11,0,0
13-มี.ค.-22,Sarwitree Wangdee,ทักมาแล้วหายไปเลย,10.47,17.58,-7.11,7.11
14-มี.ค.-22,หวัง เหม่ยหลิน,ทักมาแล้วหายไปเลย,0.29,8.37,-8.08,8.08
9-มี.ค.-22 ,Tiwabhorn Nakbhan,รู้ราคาแล้วหายไป,19.27,19.27,0,0
13-มี.ค.-22,គីម យ៉ុង,ทักมาแล้วหายไปเลย,22.15,22.15,0,0
8-มี.ค.-22,จันทนา เจริญการ,ทักมาแล้วหายไปเลย,20.41,20.41,0,0
13-มี.ค.-22,ราตรี เปลี่ยนประเสริฐ,ทักมาแล้วหายไปเลย,18.16,18.16,0,0
13-มี.ค.-22,Satit Phomnak,ทักมาแล้วหายไปเลย,18.13,18.13,0,0
13-มี.ค.-22,น้ำฝน อะไหล่เกียร์,รู้ราคาแล้วหายไป,18.01,18.01,0,0
12-มี.ค.-22,บุปผา พยัคศิริ,ทักมาแล้วหายไปเลย,22.38,22.38,0,0
12-มี.ค.-22 ,กานต์ บุญเลิศ,ทักมาแล้วหายไปเลย,21.17,21.21,-0.04,0.04
13-มี.ค.-22,ចែនី ហេងៗ,ทักมาแล้วหายไปเลย,16.21,8.41,-16.02,16.02
13-มี.ค.-22,Bung-on Kumruck,รู้ราคาแล้วหายไป,15.28,15.28,0,0
12-มี.ค.-22,ตัวเล็ก ขาวเหลือง,ทักมาแล้วหายไปเลย,19.15,20.54,-1.39,1.39
12-มี.ค.-22 ,Chomphu Chomphu,รู้ราคาแล้วหายไป,15.44,15.45,-0.01,0.01
14-มี.ค.-22,สุภาภรณ์ พิมพ์สวัสดิ์,ทักมาแล้วหายไปเลย,10.03,10.03,0,0
14-มี.ค.-22,Nadear Keawngam,ร้านไม่ตอบ,NaN,NaN,NaN,NaN
14-มี.ค.-22,New Ying,ทักมาแล้วหายไปเลย,16.54,16.54,0,0
10-มี.ค.-22,Nokky Dissy,ทักมาแล้วหายไปเลย,17.31,17.31,0,0
14-มี.ค.-22,ยีสิบเอ็ด มีนา,ร้านไม่ตอบ,NaN,NaN,NaN,NaN
15-มี.ค.-22,Donratcharat Sangsawasdikul,ทักมาแล้วหายไปเลย,1.06,1.06,0,0
13-มี.ค.-22,แมวน้อย สามสี,รู้ราคาแล้วหายไป,11.31,11.31,0,0
15-มี.ค.-22,Akai Kyb Ja,ทักมาแล้วหายไปเลย,6.11,7.25,-1.14,1.14
15-มี.ค.-22 ,Jariyaporn Matthayommak,ทักมาแล้วหายไปเลย,6.09,7.26,-1.17,1.17
15-มี.ค.-22,Wassana Gate,ทักมาแล้วหายไปเลย,9.46,9.46,0,0
15-มี.ค.-22 ,Sasitorn Tan,ทักมาแล้วหายไปเลย,9.59,9.59,0,0
15-มี.ค.-22,อติภา บุญมานาง,รู้ราคาแล้วหายไป,14.11,14.11,0,0
15-มี.ค.-22,Ae Titikarn Seehanat,ทักมาแล้วหายไปเลย,16.38,16.55,-0.17,0.17
14-มี.ค.-22,Tarn Chonticha,รู้ราคาแล้วหายไป,22.12,14.13,-16.01,16.01
15-มี.ค.-22 ,Phun Phug,ทักมาแล้วหายไปเลย,15.58,15.18,0.4,0.4
15-มี.ค.-22,แก้วตา เนตรดา,ทักมาแล้วหายไปเลย,15.04,16.04,-1,1
15-มี.ค.-22,ขนม โดนัท,ทักมาแล้วหายไปเลย,17.19,17.19,0,0
15-มี.ค.-22,จิรนันท์ อยู่ยอด,รู้ราคาแล้วหายไป,18.13,18.14,-0.01,0.01
15-มี.ค.-22,หมูอ้วน จันทร์หอม,ทักมาแล้วหายไปเลย,19.36,19.36,0,0
15-มี.ค.-22 ,ลัดดา จำปาทอง,ทักมาแล้วหายไปเลย,20.38,20.38,0,0
15-มี.ค.-22 ,Ni Nhoy,รู้ราคาแล้วหายไป,21.11,10.51,-13.04,13.04
16-มี.ค.-22,Pimonrat Thongdaeng,ทักมาแล้วหายไปเลย,5,10.51,-5.51,5.51
16-มี.ค.-22,Varaporn Kaewmanee,ทักมาแล้วหายไปเลย,8.11,10.51,-2.4,2.4
16-มี.ค.-22,Madampui St,ถามการใช้งานแล้วหายไป,17.07,17.08,-0.01,0.01
22-มี.ค.-22,Chit Khunn Cho,ร้านไม่ตอบ,NaN,NaN,NaN,NaN
24-มี.ค.-22,รุ่งไพลิน' นน,ทักมาแล้วหายไปเลย,17.57,17.57,0,0
29-มี.ค.-22,นุไอฟาร์ หะยีตาแหละ,ร้านไม่ตอบ,NaN,NaN,NaN,NaN
17-มี.ค.-22,อารี ชาติชาตรี,รู้ราคาแล้วหายไป,20.29,20.34,-0.05,0.05
20-มี.ค.-22,Lek Koolrat,ทักมาแล้วหายไปเลย,16.34,16.34,0,0
21-มี.ค.-22,Natpaphat Thanachatsirichart,รู้ราคาแล้วหายไป,17.06,11.29,-18.23,18.23
24-มี.ค.-22 ,Cheeranan Kung,รู้ราคาแล้วหายไป,8.44,9.16,-0.72,0.72
28-มี.ค.-22,Thon Napa Thanaphat,รู้ราคาแล้วหายไป,22.51,23.13,-0.62,0.62
27-มี.ค.-22,Mon Mon,รู้ราคาแล้วหายไป,18.26,11.29,-17.03,17.03
28-มี.ค.-22 ,Sirinath Panich,ทักมาแล้วหายไปเลย,14.47,22.37,-7.9,7.9
28-มี.ค.-22 ,Mind Pattama,รู้ราคาแล้วหายไป,22.13,22.13,0,0
25-มี.ค.-22,Chalairat Akaravirakit,รู้ราคาแล้วหายไป,7.41,9.32,-1.91,1.91
24-มี.ค.-22,ศศิธร แก้ววงค์วัน,รู้ราคาแล้วหายไป,8.11,9.16,-1.05,1.05
18-มี.ค.-22 ,นายกรทักษ์ ตันเอี่ยม,ถามการใช้งานแล้วหายไป,12.51,12.51,0,0
9-เม.ย.-22 ,Wiramon Wee,รู้ราคาแล้วหายไป,9.03,9.05,-0.02,0.02
12-เม.ย.-22 ,Patcharaporn Tem,รู้ราคาแล้วหายไป,18.23,18.24,-0.01,0.01
22-มี.ค.-22 ,Atchalee Mingyai,ทักมาแล้วหายไปเลย,19.28,11.21,-15.93,15.93
21-มี.ค.-22,Yok Siritorn Kittikhunchanok,ทักมาแล้วหายไปเลย,16.44,11.23,-18.79,18.79
13-มี.ค.-22,Preeyanuch Sodlok,ทักมาแล้วหายไปเลย,21.46,11.24,-13.78,13.78
11-มี.ค.-22,Dow Tungkrittanai,ทักมาแล้วหายไปเลย,0.31,11.24,-11.33,11.33
10-มี.ค.-22,Chea Khm,ทักมาแล้วหายไปเลย,10.24,11.24,-25,25
9-มี.ค.-22,เมจัง อิอิ,ทักมาแล้วหายไปเลย,7.35,11.25,-27.9,27.9
17-ก.พ.-22,พรทิพย์ ปิ่นวัฒนา,ทักมาแล้วหายไปเลย,20.17,11.25,-15.08,15.08
18-เม.ย.-22,ลม ลำเพย,ทักมาแล้วหายไปเลย,14.24,13.36,-23.12,23.12
28-พ.ค.-22,Phaivan Vixayavong,ทักมาแล้วหายไปเลย,10.49,10.51,-24.02,24.02