ตัด Stock,ตัดอะไร,ยอดที่ต้องโอน,เลขที่บิล,วันที่,Admin,สินค้า,โปร,ราคาขาย,ช่องทางขาย,ชื่อ FB / LINE,ผู้แนะนำ,ชื่อ,เบอร์โทร,ที่อยู่,รหัสไปรษณีย์,COD?,ยอดที่ต้องโอน,ยอด COD,จำนวนกล่อง,วันที่จัดส่ง,Tracking No,ทำไมยกเลิก
1,GIZEL,990,202111190001,2021-11-19,Admin1,Gizel01,Admin1,990.00,LINE OA,NEWSTER,FB เจเจ,Newster,0822953294,เลขที่ 4 ซ.กุลวงศ์อุทิศ ถ. ช้างเผือก ต.ช้างเผือก อ.เมือง จ.เชียงใหม่ 50300,50300,FALSE,990,,1.00,2021-11-19,TH470124UMNV6D,
4,GIZEL,3960,202111190002,2021-11-19,Admin1,Gizel04,Admin1,"3,960.00",LINE OA,Nitty,FB เจเจ,ปณิชา โอฬารริกสุภัค,0987964644,16/3 หมู่บ้านณิชาตรา ถ.พุทธมณฑลสาย2 แขวงศาลาธรรมสพน์ เขตทวีวัฒนา กทม 10170,10170,FALSE,"3,960.00",,4.00,2021-11-20,TH011124WQU33B,
1,GIZEL,990,202111240001,2021-11-24,Admin1,Gizel01,Admin1,990.00,LINE OA,Kai BalloonArt,FB เจเจ,Chiratha Lohaprom,0918899654,"Balloon Art 289/2 Soi Pattanakarn 20, Pattanakarn Road,Suanluang, Bangkok",10250,FALSE,990,,1.00,2021-11-24,TH014325ECFN8A,
1,GIZEL,1290,202111260001,2021-11-26,Admin2,Gizel01,No,"1,290.00",Messenger,น้ำทิพย์ จันทิปะ,Page,น้ำทิพย์ จันทิปะ,0819688845,บ้านเลขที่25 หมู่ที่2 ถนน สุมณฑา ตําบลท่ายาง อําเภอทุ่งใหญ่ จังหวัด นครศรีธรรมราช,80240,FALSE,"1,290.00",,1.00,2021-11-26,TH641125PVY66A,
3,GIZEL,2490,202111280001,2021-11-28,Admin2,Gizel03,No,"2,490.00",Messenger,Aof Natthiya,Page,นัฐธิยา สิงห์แก้ว,0817306494,2/3 ม.5 ต.โพนทอง อ.หนองแค จ.สระบุรี,18250,FALSE,"2,490.00",,3.00,2021-11-28,TH100325YJHQ9H,
1,GIZEL,1290,202111280002,2021-11-28,Admin2,Gizel01,No,"1,290.00",Messenger,Chanyapatch pare,Page,ชัญญาพัชญ์ เทอดธรรมไพศาล,0926868626,ร้านเทอดธรรมไพศาลการค้า 73/1 ต.จองคำ อ.เมือง จ.แม่ฮ่องสอน,58000,FALSE,"1,290.00",,1.00,2021-11-28,TH550125YQWK5A,
3,GIZEL,2490,202111300001,2021-11-30,Admin2,Gizel03,No,"2,490.00",Messenger,Kanda Puangpitak,Page,กานดา,0944432842,51 ม.3 ต.หน้าประดู่ อ.พานทอง จ.ชลบุรี,20160,FALSE,"2,490.00",,3.00,2021-12-01,TH2005269H6Z0H,
1,GIZEL,1290,202112010001,2021-12-01,Admin3,Gizel01,No,"1,290.00",Messenger,พยายามเต็มที่ กับทุกเรื่อง,Page,สุพรรณี ฟาอีดิน,0818895583,644/173 หมู่บ้านนวกานต์ ซ.2 ถ.เสรีไทย 43 แยก 3 แขวงคลองกุ่ม เขตบึงกุ่ม กรุงเทพมหานคร 10240,10240,FALSE,"1,290.00",,1.00,2021-12-01,TH012626BAR34A,
3,GIZEL,2490,202112010002,2021-12-01,Admin3,Gizel03,No,"2,490.00",Messenger,Quan Jomquan,Page,จอมขวัญ สีหาบุตร,0629829356,95/2 หมู่13 ถ.ราษฎร์อุทิศ ต.บ้านแพง อ.บ้านแพง จ.นครพนม 48140,48140,FALSE,"2,490.00",,3.00,2021-12-01,TH450426BEMC9A,
1,GIZEL,1290,202112010003,2021-12-01,Admin3,Gizel01,No,"1,290.00",Messenger,Thanrada PeeMai,Page,ธัญรดา เรือนหล่อ,0631140999,57/2 บ้านไร่นาน้อย  หมู่5  ต.ปงแสนทอง  อ.เมือง จ.ลำปาง  52100,52100,FALSE,"1,290.00",,1.00,2021-12-01,TH490126DBPK8H,
3,GIZEL,2490,202112020001,2021-12-02,Admin2,Gizel03,No,"2,490.00",Messenger,Phanida Ruangkwam,Page,ภนิดา เรืองความดี,0654236965,6/2 หมู่ 5 บางปะหันเภสัช  ต. ขวัญเมือง อ.บางปะหัน จ.พระนครศรีอยุธยา,13220,TRUE,,"2,490.00",3.00,2021-12-03,TH050726K1U71L,
1,GIZEL,1290,202112020002,2021-12-02,Admin2,Gizel01,No,"1,290.00",Messenger,Fong Kanittha,Page,กนิษฐา  ประทีป ณ ถลาง,0863097425,ที่อยู่ 54/4 Condo life สุขุมวิท 62 บางจาก พระโขนง กรุงเทพ,10260,FALSE,"1,290.00",,1.00,2021-12-03,TH013126K8WA0A,
1,GIZEL,1290,202112020003,2021-12-02,Admin2,Gizel01,No,"1,290.00",Messenger,Weena Sukkasam,Page,วีณา สุขเกษม,0626262995,ส่งที่ ม่อนวิวงาม หนองหอยเก่า   (โซนร้านอาหารอิสลาม) ม.7 ต.แม่แรม อ.แม่ริม จ.เชียงใหม่,50180,TRUE,,"1,290.00",1.00,2021-12-03,TH470726MY3M8G,
3,GIZEL,2490,202112040001,2021-12-04,Admin2,Gizel03,No,"2,490.00",Messenger,โบว์ ค่ะ,Page,นันทวัน แสนอุบล,0942899953,297/2 หมู่2 ตำบลสว่างแดนดิน อำเภอสว่างแดนดิน จังหวัดสกลนคร,47110,TRUE,,"2,490.00",3.00,2021-12-05,TH441226UVZM3Ax,
3,GIZEL,2490,202112050001,2021-12-05,Admin3,Gizel03,No,"2,490.00",LINE OA,ลักขณาการบัญชี,FB เจเจ,พัชยา นะนาม,0955549395,164/41 ซอยลาดพร้าว 1 แยก 9 ถนนลาดพร้าว แขวงจอมพล เขตจตุจักร กทม.,10900,FALSE,"2,490.00",,3.00,2021-12-06,TH010526YTN82B,
1,GIZEL,1290,202112070001,2021-12-07,Admin2,Gizel01,No,"1,290.00",Messenger,Nongsalapao Whan,Page,เสาวลักษณ์  อุปมา,0956896999,มบ.ดิโอเรียลทอล 99/45ซอย 4A หมู่ 6 ถ.เชียงใหม่-สหกรณ์  ต.ไชยสถาน อ.สารภี จ.เชียงใหม่,50140,FALSE,"1,290.00",,1.00,2021-12-07,TH4719277A7T1D,
3,GIZEL,2490,202112080001,2021-12-08,Admin2,Gizel03,No,"2,490.00",Messenger,ยัยตัวร้าย ที่น่ารัก,Page,กมลชนก อามผักแว่น,0821401258,(ร้านเจ๊เล้งนาคา ราชานาคราช) 234 ถ.หทัยราษฏร์ ติดกับซอย 4/1 ข.บางชัน ข.คลองสามวา ก.ท.ม,10510,FALSE,"2,490.00",,3.00,2021-12-08,TH010327BQBM6C,
2,GIZEL,2090,202112090001,2021-12-09,Admin2,Gizel02,No,"2,090.00",Messenger,เมย์ลี่ เชลซี,Page,อารีวัลย์ หงษ์โต,0990475999,774 หมู่3 ต.อู่ทอง อ.อู่ทอง จ.สุพรรณบุรี,72160,FALSE,"2,090.00",,2.00,2021-12-09,TH140927FMBZ6A,
1,GIZEL,1290,202112090002,2021-12-09,Admin2,Gizel01,No,"1,290.00",Messenger,Yin Yin Naing,Page,ยิน ยิน ไนส์,0804175064,29/4 ซ ลาดพร้าว48 ถ.ลาดพร้าว เเขวงสามเสนนอก เขตห้วยขวาง กรุงเทพมหานคร,10310,TRUE,,"1,290.00",1.00,2021-12-10,TH015127MCMJ6B,
3,GIZEL,2490,202112110001,2021-12-11,Admin2,Gizel03,No,"2,490.00",Messenger,Pimvisa Jane,Page,พิมพ์วิสาข์ พรมเสนา,0943259999,38/2 หมู่7 ต.เต่าเล่า อ.บางซ้าย จ .อยุธยา,13270,FALSE,"2,490.00",,3.00,,TH051327TAUP4C,
3,GIZEL,2490,202112130001,2021-12-13,Admin2,Gizel03,No,"2,490.00",LINE OA,Rungthip Yindee,Page,รุ่งทิพย์ ยินดี,0632127429,2143/1 กรมส่งเสริมการเกษตร ฝ่ายสารบรรณ ชั้น 2 ถนนพหลโยธิน  แขวงลาดยาว เขตจตุจักร กรุงเทพ,10900,TRUE,,"2,490.00",3.00,2021-12-14,TH01052895N34D,
3,GIZEL,2490,202112140001,2021-12-14,Admin2,Gizel03,No,"2,490.00",Messenger,Chayakul Reannoy,Page,ชญากุญช์ เรือนน้อย,0613242456,11/61 ม.ปิยะทัศน์ ต.บางพระ อ.เมือง จ.ฉะเชิงเทรา,24000,FALSE,"2,490.00",,3.00,2021-12-15,TH240128ATGJ9M,
3,GIZEL,2490,202112150001,2021-12-15,Admin2,Gizel03,No,"2,490.00",Messenger,ธัญฒภัค ราชสมบัติ,Page,ธัญฒภัค ราชสมบัติ,0962467285,105 ม.3 ต.ตะกุดไร อ.ชนแดน จ.เพชรบูรณ์,67190,TRUE,,"2,490.00",3.00,2021-12-15,TH630228ENKJ4H,
1,GIZEL,1290,202112150002,2021-12-15,Admin2,Gizel01,No,"1,290.00",Messenger,Jutarat M.,Page,จุฑารัตน์ มากคช,0928899936,117/31 ม.4 ต.พลูตาหลวง  อ.สัตหีบ จ.ชลบุรี,20180,FALSE,"1,290.00",,1.00,2021-12-15,TH200828FJQV4C,
2,GIZEL,2090,202112160001,2021-12-16,Admin2,Gizel02,No,"2,090.00",Messenger,Win Jaa,Page,เล็ก,0890217142,บ้านเลขที่ 355/297 ตำบลคูคล อำเภอลำลูกกา จังหวัดปทุมธานี,12130,TRUE,,"2,090.00",2.00,2021-12-16,TH040628KV9T6A,
3,GIZEL,2490,202112170001,2021-12-17,Admin2,Gizel03,No,"2,490.00",Messenger,Boonta Konkong,Page,บุญตา ก้อนคง,0890278669,343 ม.7ต.ท่าสายลวด อ.แม่สอด จ.ตาก,63110,FALSE,"2,490.00",,3.00,2021-12-18,TH590628VUWJ2F,
2,GIZEL,2090,202112180001,2021-12-18,Admin2,Gizel02,No,"2,090.00",Messenger,Nuannapa EarthAngle,Page,นวลนภา ทองนุช,0954122919,186/12  ถ.โคกโตนด. ต.กะรน. อ.เมือง. จ.ภูเก็ต,83100,FALSE,"2,090.00",,2.00,2021-12-18,TH670128VV0X4H,
1,GIZEL,1290,202112200001,2021-12-20,Admin2,Gizel01,No,"1,290.00",Messenger,ปรีญานุช อินทวงษ์,Page,ปรีญานุช อินทวงษ์,0847106689,98 ม.10 ต.กุงอ.ศิลาลาด จ.ศรีสะเกษ,33160,TRUE,,"1,290.00",1.00,2021-12-20,TH302129451H0A,
3,GIZEL,2490,202112260001,2021-12-26,Admin2,Gizel03,No,"2,490.00",Messenger,กาญจนา ทองประดิษฐ,Page,กาญจนา ทองประดิษฐ,0989547955,67 ม.1 ซอยพรสวรรค์ ต.หินเหล็กไฟ อ.หัวหิน จ.ประจวบคีรีขันธ์,77110,FALSE,"2,490.00",,3.00,2021-12-27,TH19072A10DK9C,
1,GIZEL,1290,202112270001,2021-12-27,Admin2,Gizel01,No,"1,290.00",Messenger,รอล่อ ใสชาติ,Page,รอรล่า ใส่ชาติ,0980789814,บ้านเลขที่ 403/79 หมู่ที่ 9 ถนนเจ้าฟ้าตะวันออก ตำบลฉลอง อำเภอเมือง จังหวัดภูเก็ต,83130,TRUE,,"1,290.00",1.00,2021-12-27,TH67012A3C3Y4F,
3,GIZEL,2490,202201030001,2022-01-03,Admin2,Gizel03,No,"2,490.00",Messenger,JJune Jjs,Page,จุฑารัตน์ แซ่ปึง,0956648249,654/23 หมู่ 4 ถนนอุดร-ขอนแก่น ตำบลบ้านจั่น อำเภอเมือง จังหวัดอุดรธานี,41000,TRUE,,"2,490.00",3.00,2022-01-04,TH38012AYEP76Q,
1,GIZEL,1290,202201040001,2022-01-04,Admin2,Gizel01,No,"1,290.00",Messenger,บานเย็น ภู่พยอม,Page,บานเย็น ภู่พยอม,0895228002,บุญชนะแมนชั่น 160-174 ถนนศรีนครินทร์ แขวงหัวหมาก เขตบางกะปิ กทม.,10240,TRUE,,"1,290.00",1.00,2022-01-04,TH01162AYEV14B,
3,GIZEL,2490,202201040002,2022-01-04,Admin2,Gizel03,No,"2,490.00",LINE OA,Kai BalloonArt,FB เจเจ,Chiratha Lohaprom,0918899654,"Balloon Art 289/2 Soi Pattanakarn 20, Pattanakarn Road, Suanluang, Bangkok",10250,FALSE,"2,490.00",,3.00,2022-01-05,TH01432B42949A,
1,GIZEL,1290,202201060001,2022-01-06,Admin2,Gizel01,No,"1,290.00",LINE OA,Tay Chatnapha,Page,ฉัตรนภา  กันทะวงค์,0624352053,47/3 ม.2   ซอยโรงเลื่อย   ต.เจ้าเจ็ด อ.เสนา จ.พระนครศรีอยุธยา,13110,FALSE,"1,290.00",,1.00,2022-01-07,TH05122BC4456C,
3,GIZEL,2490,202201150001,2022-01-15,Admin2,Gizel03,No,"2,490.00",Messenger,Fong Kanittha,Page,กนิษฐา  ประทีป ณ ถลาง,0863097425,ที่อยู่ 54/4 Condo life สุขุมวิท 62 บางจาก พระโขนง กรุงเทพ,10260,FALSE,"2,490.00",,3.00,2022-01-15,TH01312CMA0Y7A,
3,GIZEL,2490,202201150002,2022-01-15,Admin2,Gizel03,No,"2,490.00",LINE OA,WXYZ,Page,ณัฐพงษ์ ตั้งกุศลลลิต,0819235436,300/417 โครงการศุภาลัย ซิตี้รีสอร์ท รัชดา-ห้วยขวาง ตึก3 แขวงห้วยขวาง เขตห้วยขวาง กทม,10310,FALSE,"2,490.00",,3.00,2022-01-15,TH01512CMKUX4C,
3,GIZEL,2490,202201190001,2022-01-19,Admin2,Gizel03,No,"2,490.00",Messenger,Kai Swan,Page,แสงหล้า วงกาศ,0649800929,10/1 หมู่10 ต.เวียงพางคำ อ.แม่สาย จ.เชียงราย,57130,TRUE,,"2,490.00",3.00,2022-01-20,TH54092D6A7Y3F,
1,GIZEL,1290,202202010001,2022-02-01,Admin3,Gizel01,No,"1,290.00",Messenger,แม่น้อง คอปเตอร์ครับ,Page,สุกดาวเวี่ยง มะณีไช,0863633619,195/148 หมู่5 หมู่ บ้านลัลลีวิวล์2 ตำบลแพรกษา อำเภอเมืองสมุทปราการ สมุทปราการ,10280,TRUE,,"1,290.00",1.00,2022-02-02,TH02012F00QQ4F,
1,GIZEL,1290,202202050001,2022-02-05,Admin3,Gizel01,No,"1,290.00",Messenger,ดาว น่ะ,Page,หนู๋ ดาว ท่าA,0908681116,99/26 ถนนสายเอเชีย ตำบลแม่สอด อำเภอแม่สอด จังหวัดตาก,63110,FALSE,"1,290.00",,1.00,2022-02-06,TH59062FHESH3A,
2,GIZEL,2090,202202050001,2022-02-05,Admin3,Gizel02,No,"2,090.00",Messenger,Somjai Jai,Page,สมใจ เจริญปรี,0960765886,7/1ม.11ต.ปัถวี อ.มะขาม จ.จันทบุรี,22150,FALSE,"2,090.00",,2.00,2022-02-06,TH22052FHEW83C,
1,GIZEL,1290,202202060001,2022-02-06,Admin3,Gizel01,No,"1,290.00",Messenger,Yui Roomjapoa,Page,สุกัญญา โรมจะโป๊,0884934875,2677 ร.พ.วิภาราม แขวงพัฒนาการ เขตสวนหลวง กทม.,10250,TRUE,,"1,290.00",1.00,2022-02-07,TH01432FN34D5B,
1,GIZEL,1290,202202090001,2022-02-09,Admin3,Gizel01,No,"1,290.00",Messenger,Natta Suksomkun,Page,ณัฐา สุขสมคุณ,0814899087,วิทยาลัยป้องกันราชอาณาจักร 64 ถนนวิภาวดีรังสิต  แขวงรัชดาภิเษก เขตดินแดง  กทม.,10400,TRUE,,"1,290.00",1.00,2022-02-09,TH01082FXSK63B,
3,GIZEL,2490,202202170001,2022-02-17,Admin3,Gizel03,No,"2,490.00",Messenger,May Urkarawa,Page,เมธิดา เอื้อคารวะ,0889592698,78/204 คอนโด The Room Sathorn ถนนปั้น แขวงสีลม เขตบางรัก กรุงเทพ,10500,FALSE,"2,490.00",,3.00,2022-02-18,TH01252H3CCY1D,
1,GIZEL,1290,202202180001,2022-02-18,Admin3,Gizel01,No,"1,290.00",Messenger,แซมมี่ แสนวิเสก,Page,ไพศาล เกิดมนตรี,0988242431,3/3 หมู่3 ต.ดอนชะเอม อ.ท่ามะกา จ.กาญจนบุรี,71130,TRUE,,"1,290.00",1.00,2022-02-19,TH13042H83711D,
3,GIZEL,2490,202202180002,2022-02-18,Admin3,Gizel03,No,"2,490.00",Messenger,Kungkiing Chutima Mesakul,Page,ชุติมา มีสกุล,0853640291,370หมู่6ต.ศาลเจ้าโรงทองอ.วิเศษจ.อ่างทอง,14110,FALSE,"2,490.00",,3.00,2022-02-19,TH06062H83AH3B,
3,GIZEL,2490,202202180003,2022-02-18,Admin3,Gizel03,No,"2,490.00",Messenger,Ying Supaporn,Page,นพรดา พิลากุล,0613644264,(ของน้องหญิง) 16/6 ซอยนวมินทร์ 42 แยก8-17 คลองกุ่ม บึงกุ่ม กรุงเทพ,10240,FALSE,"2,490.00",,3.00,2022-02-19,TH01262H83DK5A,
1,GIZEL,1290,202202270001,2022-02-27,Admin3,Gizel01,No,"1,290.00",Messenger,Mink N. Maichompoo,Page,นภาภรณ์ ใหม่ชมภู,084-060-0408,บริษัท พานาโซนิค แมนูแฟคเจอริ่ง อยุธยา จำกัด  1/69 หมู่ 5 สวนอุตสาหกรรมโรจนะ ตำบลคานหาม อำเภออุทัย จังหวัดพระนครศรีอยุธยา,13210,FALSE,"1,290.00",,1.00,,,
3,GIZEL,2490,202202280001,2022-02-28,Admin3,Gizel03,No,"2,490.00",Messenger,Darlene Tang,Page,ดาร์เลเน่ ถ.,0617964448,@ U PLACE (F10) เลขที่ 88 ถ.กาญจนวนิช ซ.19 ต.เขารูปช้าง อ.เมือง จ.สงขลา,90000,FALSE,"2,490.00",,3.00,,,