ชื่อเพจ,จุดเด่น,ผลิตภัณฑ์,ราคาเฉลี่ย(บาท),คนกดไลค์,เฟสบุ๊คการันตรีว่าตอบเร็ว,ทุก10 โพสคนแสดงความเห็น,ทุก10 โพสคนกดไลค์
A,ขายอาหารเสริมที่หลากหลายตั้งแต่หัวจรดเท้า," UNC YOUR BEGIN  เป็นชนิดทาน",1500,3359,1,1,5-13
B,มีหน้าร้าน น่าจะเน้นขายหน้าร้านมากกว่าทางออนไลน์,"เซรั่มบำรุงผม, อาหารเสริมบำรุงผมชนิดทาน ",1240,4384,0,0,1-4
C,เน้นขายในช็อปปี้และตัวแทนจำหน่าย,"อาหารเสริมบำรุงผมชนิดทาน, สเปร์ย",1240,4270,0,0,1-2
D,น้นขายในช็อปปี้และตัวแทนจำหน่าย ขายอาหารเสริมที่หลากหลายตั้งแต่หัวจรดเท้า + โปรเยอะดี,อาหารเสริมบำรุงผมชนิดทาน,790,1846,0,0,2-5
E,ขายถูก กระปุกเล็ก,เซรั่มหมักผม,50,636,1,0,2-4
F,ขายถูก มี ผลภ.หลายอย่างให้เลือก มีการโพสต์วันละหลายโพสต์,"แชมพู, เซรั่ม, ทรีทเมนท์",790,73432,1,0,3-15
G,ขายถูก กระปุกเล็ก,อาหารเสริมบำรุงผมชนิดทาน,250,1189,1,0,0-4