หมายเลขคำสั่งซื้อ,สถานะการสั่งซื้อ,เหตุผลในการยกเลิกคำสั่งซื้อ,สถานะการคืนเงินหรือคืนสินค้า,ชื่อผู้ใช้ (ผู้ซื้อ),วันที่ทำการสั่งซื้อ,เวลาการชำระสินค้า,ช่องทางการชำระเงิน,ช่องทางการชำระเงิน (รายละเอียด)_1,ช่องทางการชำระเงิน (รายละเอียด)_2,ค่าธรรมเนียม (%),ตัวเลือกการจัดส่ง,วิธีการจัดส่ง,*หมายเลขติดตามพัสดุ,วันที่คาดว่าจะทำการจัดส่งสินค้า,เวลาส่งสินค้า,เลขอ้างอิง Parent SKU,ชื่อสินค้า,เลขอ้างอิง SKU (SKU Reference No.),ชื่อตัวเลือก,ราคาตั้งต้น,ราคาขาย,จำนวน,ราคาขายสุทธิ,ส่วนลดจาก Shopee,โค้ดส่วนลดชำระโดยผู้ขาย,โค้ด Coins Cashback,โค้ดส่วนลดชำระโดย Shopee,โค้ดส่วนลด,เข้าร่วมแคมเปญ bundle deal หรือไม่,ส่วนลด bundle deal ชำระโดยผู้ขาย,ส่วนลด bundle deal ชำระโดย Shopee,ส่วนลดจากการใช้เหรียญ,ส่วนลดทั้งหมดจากบัตรเครดิต,ค่าคอมมิชชั่น,Transaction Fee,ต้นทุนขายหักคูปองและcoin,ค่าจัดส่งที่ชำระโดยผู้ซื้อ,ค่าจัดส่งที่ Shopee ออกให้โดยประมาณ,ค่าจัดส่งสินค้าคืน,ค่าบริการ,จำนวนเงินทั้งหมด,ค่าจัดส่งโดยประมาณ,ชื่อผู้รับ,หมายเลขโทรศัพท์,หมายเหตุจากผู้ซื้อ,ที่อยู่ในการจัดส่ง,ประเทศ,จังหวัด,เขต/อำเภอ,รหัสไปรษณีย์,ประเภทคำสั่งซื้อ,เวลาที่ทำการสั่งซื้อสำเร็จ,บันทึก
220217QEU1T6FM,สำเร็จแล้ว,,,tipkata,2022-02-17 21:10,2022-02-17 21:40,เก็บเงินปลายทาง,,Cash on Delivery,3.00%,Standard Delivery - ส่งธรรมดาในประเทศ-J&T Express,pickup,610864134473,2022-02-19 21:40,2022-02-18 16:03,,วิตามินบำรุงผม GIZEL❤️ ลดผมร่วง กระตุ้นการงอกใหม่ ผมสวย มีวอลลุ่มสุขภาพดี / รีวิวเยอะมาก,,1 กล่อง,1590.00,1290.00,1,1290.00,0.00,0.00,0.00,0.00,,N,0.00,0.00,0,0.00,0.00,39.00,1290.00,0.00,0.00,0.00,0.00,1290.00,0.00,น******์,******79,,******ถนนกะตะ ตำบลกะรน อำเภอเมืองภูเก็ต จังหวัดภูเก็ต 83100,TH,จังหวัดภูเก็ต,อำเภอเมืองภูเก็ต,83100,,2022-02-24 07:59,
220218S8XQ2VR3,สำเร็จแล้ว,,,annaphuakdee,2022-02-18 14:30,2022-02-18 15:00,เก็บเงินปลายทาง,,Cash on Delivery,3.00%,Standard Delivery - ส่งธรรมดาในประเทศ-J&T Express,pickup,615845787642,2022-02-21 15:00,2022-02-18 16:03,,วิตามินบำรุงผม GIZEL❤️ ลดผมร่วง กระตุ้นการงอกใหม่ ผมสวย มีวอลลุ่มสุขภาพดี / รีวิวเยอะมาก,,1 กล่อง,1590.00,1290.00,1,1290.00,0.00,0.00,0.00,0.00,,N,0.00,0.00,0,0.00,0.00,39.00,1290.00,0.00,0.00,0.00,0.00,1290.00,0.00,แ******ี,******98,,"******e Ratchayothin ), ถนน พหลโยธิน, แขวง ลาดยาว เขตจตุจักร จังหวัดกรุงเทพมหานคร 10900",TH,จังหวัดกรุงเทพมหานคร,เขตจตุจักร,10900,,2022-02-19 20:29,
220218SBJRQWV6,สำเร็จแล้ว,,,61341300jane,2022-02-18 15:17,2022-02-18 15:31,โอน/ชำระผ่านช่องทางธนาคาร,,Bank Transfer,3.00%,Standard Delivery - ส่งธรรมดาในประเทศ-J&T Express,pickup,614726476921,2022-02-21 15:31,2022-02-19 14:41,,วิตามินบำรุงผม GIZEL❤️ ลดผมร่วง กระตุ้นการงอกใหม่ ผมสวย มีวอลลุ่มสุขภาพดี / รีวิวเยอะมาก,,1 กล่อง,1590.00,1290.00,1,1290.00,0.00,1190.00,0.00,0.00,GIZE1B,N,0.00,0.00,0,0.00,0.00,3.00,100.00,0.00,0.00,0.00,0.00,100.00,0.00,เ******อ,******29,,******แขม อำเภอพรหมพิราม จังหวัดพิษณุโลก 65150,TH,จังหวัดพิษณุโลก,อำเภอพรหมพิราม,65150,,2022-02-21 18:52,
220218SBKU6MNE,สำเร็จแล้ว,,,money_petshop99,2022-02-18 15:17,2022-02-18 15:47,เก็บเงินปลายทาง,,Cash on Delivery,3.00%,Standard Delivery - ส่งธรรมดาในประเทศ-J&T Express,pickup,619926211590,2022-02-21 15:47,2022-02-19 14:41,,[Set 3 กล่อง] วิตามินบำรุงผม GIZEL❤️ ลดผมร่วง กระตุ้นการงอกใหม่ ผมสวย มีวอลลุ่มสุขภาพดี / รีวิวเยอะมาก,,,4770.00,2490.00,1,2490.00,0.00,2390.00,0.00,0.00,GIZE3B,N,0.00,0.00,0,0.00,0.00,3.00,100.00,0.00,0.00,0.00,0.00,100.00,0.00,ช******ี,******70,,******ามเตี้ย  อ.เมืองสุราษฎร์ธานี จ.สุราษฎร์ธานี. 84000 อำเภอเมืองสุราษฎร์ธานี จังหวัดสุราษฎร์ธานี 84000,TH,จังหวัดสุราษฎร์ธานี,อำเภอเมืองสุราษฎร์ธานี,84000,,2022-02-21 15:39,
220218SBRSE6BW,สำเร็จแล้ว,,,mamymibby,2022-02-18 15:20,2022-02-18 15:20,ShopeePay - ตัดบัญชีธนาคาร,,Airpay GIRO,3.00%,Standard Delivery - ส่งธรรมดาในประเทศ-J&T Express,pickup,617451710304,2022-02-21 15:20,2022-02-19 14:41,,[Set 2 กล่อง] วิตามินบำรุงผม GIZEL❤️ ลดผมร่วง กระตุ้นการงอกใหม่ ผมสวย มีวอลลุ่มสุขภาพดี / รีวิวเยอะมาก,,,3180.00,2090.00,1,2090.00,0.00,1990.00,0.00,0.00,GIZE2B,N,0.00,0.00,0,0.00,0.00,3.00,100.00,0.00,0.00,0.00,0.00,100.00,0.00,ร******ร,******42,,******ู่11 ซ.กิ่งแก้ว 37 ถ.ราชาเทวะ ต.ราชาเทวะ อำเภอบางพลี จังหวัดสมุทรปราการ 10540,TH,จังหวัดสมุทรปราการ,อำเภอบางพลี,10540,,2022-02-24 07:31,
220218SC0S03WX,สำเร็จแล้ว,,,skyfahnatcha3,2022-02-18 15:25,2022-02-18 15:25,ShopeePay - ยอดเงินใน Wallet,,Airpay Wallet V2,3.00%,Standard Delivery - ส่งธรรมดาในประเทศ-J&T Express,pickup,617233425071,2022-02-21 15:25,2022-02-19 14:41,,วิตามินบำรุงผม GIZEL❤️ ลดผมร่วง กระตุ้นการงอกใหม่ ผมสวย มีวอลลุ่มสุขภาพดี / รีวิวเยอะมาก,,1 กล่อง,1590.00,1290.00,1,1290.00,0.00,1190.00,0.00,0.00,GIZE1B,N,0.00,0.00,0,0.00,0.00,3.00,100.00,0.00,0.00,0.00,0.00,100.00,0.00,ส******ำ,******24,,******นโด ตึกA ห้องA202ต.คลอง1 อ.คลองหลวง จ.ปทุมธานี 12120 อำเภอคลองหลวง จังหวัดปทุมธานี 12110,TH,จังหวัดปทุมธานี,อำเภอคลองหลวง,12110,,2022-02-20 22:59,
220218SC549HE5,สำเร็จแล้ว,,,thidaratphatthanaprasitchai,2022-02-18 15:27,2022-02-18 15:27,ShopeePay - ยอดเงินใน Wallet,,Airpay Wallet V2,3.00%,Standard Delivery - ส่งธรรมดาในประเทศ-J&T Express,pickup,611107338892,2022-02-21 15:27,2022-02-19 14:41,,วิตามินบำรุงผม GIZEL❤️ ลดผมร่วง กระตุ้นการงอกใหม่ ผมสวย มีวอลลุ่มสุขภาพดี / รีวิวเยอะมาก,,1 กล่อง,1590.00,1290.00,1,1290.00,0.00,1190.00,0.00,0.00,GIZE1B,N,0.00,0.00,0,0.00,0.00,3.00,100.00,0.00,0.00,0.00,0.00,100.00,0.00,พ******ย,******41,,******นเมือง อำเภอเมืองนครพนม จังหวัดนครพนม 48000,TH,จังหวัดนครพนม,อำเภอเมืองนครพนม,48000,,2022-02-21 16:35,
220218SC6VF9JY,สำเร็จแล้ว,,,nanmie,2022-02-18 15:28,2022-02-18 15:28,ShopeePay - ยอดเงินใน Wallet,,Airpay Wallet V2,3.00%,Standard Delivery - ส่งธรรมดาในประเทศ-J&T Express,pickup,611089065160,2022-02-21 15:28,2022-02-19 14:41,,[Set 3 กล่อง] วิตามินบำรุงผม GIZEL❤️ ลดผมร่วง กระตุ้นการงอกใหม่ ผมสวย มีวอลลุ่มสุขภาพดี / รีวิวเยอะมาก,,,4770.00,2490.00,1,2490.00,0.00,2390.00,0.00,0.00,GIZE3B,N,0.00,0.00,0,0.00,0.00,3.00,100.00,0.00,0.00,0.00,0.00,100.00,0.00,ส******า,******88,,****** อำเภอเมืองปราจีนบุรี จังหวัดปราจีนบุรี 25000,TH,จังหวัดปราจีนบุรี,อำเภอเมืองปราจีนบุรี,25000,,2022-02-21 16:32,
220218SCA28K3R,ยกเลิกแล้ว,ยกเลิกโดยอัตโนมัติจากระบบของ Shopee <br>เหตุผล : ไม่มีการชำระเงิน,,aeyysrn,2022-02-18 15:30,-,ShopeePay - ตัดบัญชีธนาคาร,,Airpay GIRO,3.00%,Standard Delivery - ส่งธรรมดาในประเทศ,,,,,,วิตามินบำรุงผม GIZEL❤️ ลดผมร่วง กระตุ้นการงอกใหม่ ผมสวย มีวอลลุ่มสุขภาพดี / รีวิวเยอะมาก,,1 กล่อง,1590.00,1290.00,1,1290.00,0.00,0.00,0.00,0.00,GIZE1B,N,0.00,0.00,0,0.00,0.00,0.00,100.00,0.00,0.00,0.00,0.00,0.00,0.00,ส******า,******55,,******นโด) ห้อง 89/145 ตึก A ซอย ตั้งสิน ตำบล ศาลายา อำเภอพุทธมณฑล จังหวัดนครปฐม 73170,TH,จังหวัดนครปฐม,อำเภอพุทธมณฑล,73170,,,
220218SCFJYHVB,สำเร็จแล้ว,,,lisasainy,2022-02-18 15:33,2022-02-18 15:33,ShopeePay - ตัดบัญชีธนาคาร,,Airpay GIRO,3.00%,Standard Delivery - ส่งธรรมดาในประเทศ-J&T Express,pickup,613674610581,2022-02-21 15:33,2022-02-19 14:41,,วิตามินบำรุงผม GIZEL❤️ ลดผมร่วง กระตุ้นการงอกใหม่ ผมสวย มีวอลลุ่มสุขภาพดี / รีวิวเยอะมาก,,1 กล่อง,1590.00,1290.00,1,1290.00,0.00,1190.00,0.00,0.00,GIZE1B,N,0.00,0.00,0,0.00,0.00,3.00,100.00,0.00,0.00,0.00,0.00,100.00,0.00,ล******ง,******82,,******ิต-คลอง6  ถ.รังสิต-นครนายก อำเภอธัญบุรี จังหวัดปทุมธานี 12110,TH,จังหวัดปทุมธานี,อำเภอธัญบุรี,12110,,2022-02-21 17:42,
220218SCNVTDJW,สำเร็จแล้ว,,,chaleelim,2022-02-18 15:36,2022-02-18 15:37,ShopeePay - ยอดเงินใน Wallet,,Airpay Wallet V2,3.00%,Standard Delivery - ส่งธรรมดาในประเทศ-J&T Express,pickup,613099686614,2022-02-21 15:37,2022-02-19 14:41,,วิตามินบำรุงผม GIZEL❤️ ลดผมร่วง กระตุ้นการงอกใหม่ ผมสวย มีวอลลุ่มสุขภาพดี / รีวิวเยอะมาก,,1 กล่อง,1590.00,1290.00,1,1290.00,0.00,1190.00,0.00,0.00,GIZE1B,N,0.00,0.00,0,0.00,0.00,3.00,100.00,0.00,0.00,0.00,0.00,100.00,0.00,น******ล,******78,,******รงข้ามเนกก้า อำเภอหาดใหญ่ จังหวัดสงขลา 90110,TH,จังหวัดสงขลา,อำเภอหาดใหญ่,90110,,2022-02-25 07:09,
220218SCYVNEN3,สำเร็จแล้ว,,,firstpopoo,2022-02-18 15:42,2022-02-18 15:42,ShopeePay - ตัดบัญชีธนาคาร,,Airpay GIRO,3.00%,Standard Delivery - ส่งธรรมดาในประเทศ-J&T Express,pickup,614760669681,2022-02-21 15:42,2022-02-19 14:41,,วิตามินบำรุงผม GIZEL❤️ ลดผมร่วง กระตุ้นการงอกใหม่ ผมสวย มีวอลลุ่มสุขภาพดี / รีวิวเยอะมาก,,1 กล่อง,1590.00,1290.00,1,1290.00,0.00,1190.00,0.00,0.00,GIZE1B,N,0.00,0.00,0,0.00,0.00,3.00,100.00,0.00,0.00,0.00,0.00,100.00,0.00,ส******​,******55,,****** condo) ห้อง​ 89/145 ตึก​ A ซอย​ ตั้งสิน ตำบล ศาลายา อำเภอพุทธมณฑล จังหวัดนครปฐม 73170,TH,จังหวัดนครปฐม,อำเภอพุทธมณฑล,73170,,2022-02-21 14:04,
220218SEEFAWR1,สำเร็จแล้ว,,,nichantnc,2022-02-18 16:08,2022-02-18 16:08,ShopeePay - ยอดเงินใน Wallet,,Airpay Wallet V2,3.00%,Standard Delivery - ส่งธรรมดาในประเทศ-J&T Express,pickup,619850180876,2022-02-21 16:08,2022-02-19 14:41,,วิตามินบำรุงผม GIZEL❤️ ลดผมร่วง กระตุ้นการงอกใหม่ ผมสวย มีวอลลุ่มสุขภาพดี / รีวิวเยอะมาก,,1 กล่อง,1590.00,1290.00,1,1290.00,0.00,1190.00,0.00,0.00,GIZE1B,N,0.00,0.00,0,0.00,0.00,3.00,100.00,0.00,0.00,0.00,0.00,100.00,0.00,ณ**า,******56,,****** 11 ต.คลองสอง อ.คลองหลวง จ. ปทุมธานี 12120 อำเภอคลองหลวง จังหวัดปทุมธานี 12120,TH,จังหวัดปทุมธานี,อำเภอคลองหลวง,12120,,2022-02-24 08:07,
220218SG240P9M,สำเร็จแล้ว,,,francfoil,2022-02-18 16:37,2022-02-18 16:37,ShopeePay - ยอดเงินใน Wallet,,Airpay Wallet V2,3.00%,Standard Delivery - ส่งธรรมดาในประเทศ-J&T Express,pickup,617651048545,2022-02-21 16:37,2022-02-19 14:41,,วิตามินบำรุงผม GIZEL❤️ ลดผมร่วง กระตุ้นการงอกใหม่ ผมสวย มีวอลลุ่มสุขภาพดี / รีวิวเยอะมาก,,1 กล่อง,1590.00,1290.00,1,1290.00,0.00,1190.00,0.00,0.00,GIZE1B,N,0.00,0.00,0,0.00,0.00,3.00,100.00,0.00,0.00,0.00,0.00,100.00,0.00,ส******ง,******53,,******8 หมู่8 ต.สุเทพ อำเภอเมืองเชียงใหม่ จังหวัดเชียงใหม่ 50200,TH,จังหวัดเชียงใหม่,อำเภอเมืองเชียงใหม่,50200,,2022-02-24 20:08,
220218SG3TCK8A,สำเร็จแล้ว,,,millen.studio,2022-02-18 16:38,2022-02-18 16:38,ShopeePay - ยอดเงินใน Wallet,,Airpay Wallet V2,3.00%,Standard Delivery - ส่งธรรมดาในประเทศ-J&T Express,pickup,613801769324,2022-02-21 16:38,2022-02-19 14:41,,วิตามินบำรุงผม GIZEL❤️ ลดผมร่วง กระตุ้นการงอกใหม่ ผมสวย มีวอลลุ่มสุขภาพดี / รีวิวเยอะมาก,,1 กล่อง,1590.00,1290.00,1,1290.00,0.00,1190.00,0.00,0.00,GIZE1B,N,0.00,0.00,0,0.00,0.00,3.00,100.00,0.00,0.00,0.00,0.00,100.00,0.00,ณ******ย,******87,,******หมู่ 5 ต.คลองหนึ่ง อำเภอคลองหลวง จังหวัดปทุมธานี 12120,TH,จังหวัดปทุมธานี,อำเภอคลองหลวง,12120,,2022-02-24 08:42,
220218SP54FUYT,สำเร็จแล้ว,,,mimizxo,2022-02-18 18:26,2022-02-18 18:26,Online Payment,,iBanking Payment V2 (K Plus),3.00%,Standard Delivery - ส่งธรรมดาในประเทศ-J&T Express,pickup,618026576344,2022-02-21 18:26,2022-02-19 14:41,,วิตามินบำรุงผม GIZEL❤️ ลดผมร่วง กระตุ้นการงอกใหม่ ผมสวย มีวอลลุ่มสุขภาพดี / รีวิวเยอะมาก,,1 กล่อง,1590.00,1290.00,1,1290.00,0.00,1190.00,0.00,0.00,GIZE1B,N,0.00,0.00,0,0.00,0.00,3.00,100.00,0.00,0.00,0.00,0.00,100.00,0.00,ม******า,******40,,****** ซ.พหลโยธิน34 แขวงเสนานิคม เขตจตุจักร จังหวัดกรุงเทพมหานคร 10900,TH,จังหวัดกรุงเทพมหานคร,เขตจตุจักร,10900,,2022-02-24 08:06,
220218SPM2A2GQ,สำเร็จแล้ว,,,2ndscene,2022-02-18 18:34,2022-02-18 18:34,ShopeePay - ยอดเงินใน Wallet,,Airpay Wallet V2,3.00%,Standard Delivery - ส่งธรรมดาในประเทศ-J&T Express,pickup,612891538873,2022-02-21 18:34,2022-02-19 14:41,,[Set 3 กล่อง] วิตามินบำรุงผม GIZEL❤️ ลดผมร่วง กระตุ้นการงอกใหม่ ผมสวย มีวอลลุ่มสุขภาพดี / รีวิวเยอะมาก,,,4770.00,2490.00,1,2490.00,0.00,2390.00,0.00,0.00,GIZE3B,N,0.00,0.00,0,0.00,0.00,3.00,100.00,0.00,0.00,0.00,0.00,100.00,0.00,ศ******ล,******69,,******า ถนน วิภาวดีรังสิต แขวง ลาดยาว เขตจตุจักร จังหวัดกรุงเทพมหานคร 10900,TH,จังหวัดกรุงเทพมหานคร,เขตจตุจักร,10900,,2022-02-24 08:08,
220218T3YPSQTY,สำเร็จแล้ว,,,bbeautyy5789,2022-02-18 22:33,2022-02-18 22:34,ShopeePay - ตัดบัญชีธนาคาร,,Airpay GIRO,3.00%,Standard Delivery - ส่งธรรมดาในประเทศ-J&T Express,pickup,616417005481,2022-02-21 22:34,2022-02-19 14:41,,วิตามินบำรุงผม GIZEL❤️ ลดผมร่วง กระตุ้นการงอกใหม่ ผมสวย มีวอลลุ่มสุขภาพดี / รีวิวเยอะมาก,,1 กล่อง,1590.00,1290.00,1,1290.00,0.00,1190.00,0.00,0.00,GIZE1B,N,0.00,0.00,0,0.00,0.00,3.00,100.00,0.00,0.00,0.00,0.00,100.00,0.00,จ******ง,******79,,****** ห้อง 585/400 เขตบางพลัด จังหวัดกรุงเทพมหานคร 10700,TH,จังหวัดกรุงเทพมหานคร,เขตบางพลัด,10700,,2022-02-24 08:40,
220218T46N383Q,สำเร็จแล้ว,,,meltty,2022-02-18 22:37,2022-02-18 22:38,Online Payment,,iBanking Payment V2 (KTB),3.00%,Standard Delivery - ส่งธรรมดาในประเทศ-J&T Express,pickup,612868996375,2022-02-21 22:38,2022-02-19 14:41,,[Set 3 กล่อง] วิตามินบำรุงผม GIZEL❤️ ลดผมร่วง กระตุ้นการงอกใหม่ ผมสวย มีวอลลุ่มสุขภาพดี / รีวิวเยอะมาก,,,4770.00,2490.00,1,2490.00,0.00,2390.00,0.00,0.00,GIZE3B,N,0.00,0.00,0,0.00,0.00,3.00,100.00,0.00,0.00,0.00,0.00,100.00,0.00,ภ******ี,******87,,******9 (แยก 6) ต.บางกระสอ อำเภอเมืองนนทบุรี จังหวัดนนทบุรี 11000,TH,จังหวัดนนทบุรี,อำเภอเมืองนนทบุรี,11000,,2022-02-22 13:46,
220219T9QH5Y2W,สำเร็จแล้ว,,,bakeit.bkk,2022-02-19 00:16,2022-02-19 00:46,เก็บเงินปลายทาง,,Cash on Delivery,3.00%,Standard Delivery - ส่งธรรมดาในประเทศ-J&T Express,pickup,619475701670,2022-02-22 00:46,2022-02-19 14:41,,วิตามินบำรุงผม GIZEL❤️ ลดผมร่วง กระตุ้นการงอกใหม่ ผมสวย มีวอลลุ่มสุขภาพดี / รีวิวเยอะมาก,,1 กล่อง,1590.00,1290.00,1,1290.00,0.00,1190.00,0.00,0.00,GIZE1B,N,0.00,0.00,0,0.00,0.00,3.00,100.00,0.00,0.00,0.00,0.00,100.00,0.00,ป**ย,******70,,******พร้าว หน้าแยกที่2ประตูสีน้ำตาล เขตลาดพร้าว จังหวัดกรุงเทพมหานคร 10230,TH,จังหวัดกรุงเทพมหานคร,เขตลาดพร้าว,10230,,2022-02-21 11:30,
220219TFY1YE93,สำเร็จแล้ว,,,tipchin,2022-02-19 02:08,2022-02-19 02:08,ShopeePay - ตัดบัญชีธนาคาร,,Airpay GIRO,3.00%,Standard Delivery - ส่งธรรมดาในประเทศ-J&T Express,pickup,616623926376,2022-02-22 02:08,2022-02-19 14:41,,วิตามินบำรุงผม GIZEL❤️ ลดผมร่วง กระตุ้นการงอกใหม่ ผมสวย มีวอลลุ่มสุขภาพดี / รีวิวเยอะมาก,,1 กล่อง,1590.00,1290.00,1,1290.00,0.00,1190.00,0.00,0.00,GIZE1B,N,0.00,0.00,0,0.00,0.00,3.00,100.00,0.00,0.00,0.00,0.00,100.00,0.00,ท******น,******55,,****** 57/85 แขวงหัวหมาก เขตบางกะปิ จังหวัดกรุงเทพมหานคร 10240,TH,จังหวัดกรุงเทพมหานคร,เขตบางกะปิ,10240,,2022-02-24 08:55,
220219UA77M8TW,สำเร็จแล้ว,,,simplexcute,2022-02-19 09:58,2022-02-19 09:58,ShopeePay - ยอดเงินใน Wallet,,Airpay Wallet V2,3.00%,Standard Delivery - ส่งธรรมดาในประเทศ-J&T Express,pickup,615642560396,2022-02-22 09:58,2022-02-19 14:41,,[Set 2 กล่อง] วิตามินบำรุงผม GIZEL❤️ ลดผมร่วง กระตุ้นการงอกใหม่ ผมสวย มีวอลลุ่มสุขภาพดี / รีวิวเยอะมาก,,,3180.00,2090.00,1,2090.00,0.00,1990.00,0.00,0.00,GIZE2B,N,0.00,0.00,0,0.00,0.00,3.00,100.00,0.00,0.00,0.00,0.00,100.00,0.00,เ******ิ,******45,,******ราชองค์ที่ 19 978/1 ถนนแสงชูโตสายใหม่ ตำบลท่าม่วง อำเภอท่าม่วง จังหวัดกาญจนบุรี 71110,TH,จังหวัดกาญจนบุรี,อำเภอท่าม่วง,71110,,2022-02-21 15:28,
220219UJG54N08,สำเร็จแล้ว,,,hythayatee,2022-02-19 12:26,2022-02-19 12:26,ShopeePay - ตัดบัญชีธนาคาร,,Airpay GIRO,3.00%,Standard Delivery - ส่งธรรมดาในประเทศ-J&T Express,pickup,614782461322,2022-02-22 12:26,2022-02-19 14:41,,วิตามินบำรุงผม GIZEL❤️ ลดผมร่วง กระตุ้นการงอกใหม่ ผมสวย มีวอลลุ่มสุขภาพดี / รีวิวเยอะมาก,,1 กล่อง,1590.00,1290.00,1,1290.00,0.00,1190.00,0.00,0.00,GIZE1B,N,0.00,0.00,0,0.00,0.00,3.00,100.00,0.00,0.00,0.00,0.00,100.00,0.00,ภ******์,******69,,******รียว อ.เมือง อำเภอเมืองสระบุรี จังหวัดสระบุรี 18000,TH,จังหวัดสระบุรี,อำเภอเมืองสระบุรี,18000,,2022-02-26 07:55,
220219UP9M03E1,สำเร็จแล้ว,,,mook_devil,2022-02-19 13:34,2022-02-19 13:34,ShopeePay - ยอดเงินใน Wallet,,Airpay Wallet V2,3.00%,Standard Delivery - ส่งธรรมดาในประเทศ-J&T Express,pickup,611933965344,2022-02-22 13:34,2022-02-20 15:35,,[Set 2 กล่อง] วิตามินบำรุงผม GIZEL❤️ ลดผมร่วง กระตุ้นการงอกใหม่ ผมสวย มีวอลลุ่มสุขภาพดี / รีวิวเยอะมาก,,,3180.00,2090.00,1,2090.00,0.00,1990.00,0.00,0.00,GIZE2B,N,0.00,0.00,0,0.00,0.00,3.00,100.00,0.00,0.00,0.00,0.00,100.00,0.00,ภ******ม,******97,,******ราชพฤกษ์ แขวงปากคลองภาษีเจริญ เขตภาษีเจริญ จังหวัดกรุงเทพมหานคร 10160,TH,จังหวัดกรุงเทพมหานคร,เขตภาษีเจริญ,10160,,2022-02-22 01:33,
220219UPESBTH0,สำเร็จแล้ว,,,c.chisxx,2022-02-19 13:37,2022-02-19 13:37,บัตรเครดิต/บัตรเดบิต,,Airpay Credit Card,3.00%,Standard Delivery - ส่งธรรมดาในประเทศ-J&T Express,pickup,613473371453,2022-02-22 13:37,2022-02-20 15:35,,[Set 3 กล่อง] วิตามินบำรุงผม GIZEL❤️ ลดผมร่วง กระตุ้นการงอกใหม่ ผมสวย มีวอลลุ่มสุขภาพดี / รีวิวเยอะมาก,,,4770.00,2490.00,1,2490.00,0.00,2390.00,0.00,0.00,GIZE3B,N,0.00,0.00,0,0.00,0.00,3.00,100.00,0.00,0.00,0.00,0.00,100.00,0.00,อ******ศ,******13,,******ารB ถนน.พหลโยธิน-วิภาวดี แขวงลาดยาว เขตจัตุจักร กทม 10900 เขตจตุจักร จังหวัดกรุงเทพมหานคร 10900,TH,จังหวัดกรุงเทพมหานคร,เขตจตุจักร,10900,,2022-02-21 22:48,
220219V3M50TNH,สำเร็จแล้ว,,,garfieldgf,2022-02-19 17:32,2022-02-19 17:33,ShopeePay - ตัดบัญชีธนาคาร,,Airpay GIRO,3.00%,Standard Delivery - ส่งธรรมดาในประเทศ-J&T Express,pickup,615536230606,2022-02-22 17:33,2022-02-20 15:35,,วิตามินบำรุงผม GIZEL❤️ ลดผมร่วง กระตุ้นการงอกใหม่ ผมสวย มีวอลลุ่มสุขภาพดี / รีวิวเยอะมาก,,1 กล่อง,1590.00,1290.00,1,1290.00,0.00,1190.00,0.00,0.00,GIZE1B,N,0.00,0.00,0,0.00,0.00,3.00,100.00,0.00,0.00,0.00,0.00,100.00,0.00,จ******ี,******57,,******6 ม.3 ต.บางตีนเป็ด อำเภอเมืองฉะเชิงเทรา จังหวัดฉะเชิงเทรา 24000,TH,จังหวัดฉะเชิงเทรา,อำเภอเมืองฉะเชิงเทรา,24000,,2022-02-23 14:58,
220219VFGUNN48,สำเร็จแล้ว,,,aday_shopp,2022-02-19 21:05,2022-02-19 21:05,ShopeePay - ยอดเงินใน Wallet,,Airpay Wallet V2,3.00%,Standard Delivery - ส่งธรรมดาในประเทศ-J&T Express,pickup,613937093663,2022-02-22 21:05,2022-02-20 15:35,,วิตามินบำรุงผม GIZEL❤️ ลดผมร่วง กระตุ้นการงอกใหม่ ผมสวย มีวอลลุ่มสุขภาพดี / รีวิวเยอะมาก,,1 กล่อง,1590.00,1290.00,1,1290.00,0.00,1190.00,0.00,0.00,GIZE1B,N,0.00,0.00,0,0.00,0.00,3.00,100.00,0.00,0.00,0.00,0.00,100.00,0.00,พ****** ,******34,,******67/121-3 ถ.จรัญฯ33 บางขุนศรี เขตบางกอกน้อย จังหวัดกรุงเทพมหานคร 10700,TH,จังหวัดกรุงเทพมหานคร,เขตบางกอกน้อย,10700,,2022-02-25 07:06,
220219VHQNA9D0,สำเร็จแล้ว,,,chariswu17,2022-02-19 21:45,2022-02-19 21:45,ShopeePay - ยอดเงินใน Wallet,,Airpay Wallet V2,3.00%,Standard Delivery - ส่งธรรมดาในประเทศ-J&T Express,pickup,617725354396,2022-02-22 21:45,2022-02-20 15:35,,[Set 2 กล่อง] วิตามินบำรุงผม GIZEL❤️ ลดผมร่วง กระตุ้นการงอกใหม่ ผมสวย มีวอลลุ่มสุขภาพดี / รีวิวเยอะมาก,,,3180.00,2090.00,1,2090.00,0.00,1990.00,0.00,0.00,GIZE2B,N,0.00,0.00,0,0.00,0.00,3.00,100.00,0.00,0.00,0.00,0.00,100.00,0.00,ช******์,******53,,******อ.ถลาง จ.ภูเก็ต 83110 อำเภอถลาง จังหวัดภูเก็ต 83110,TH,จังหวัดภูเก็ต,อำเภอถลาง,83110,,2022-02-26 08:40,
220219VJ9EVUY6,สำเร็จแล้ว,,,monmonks,2022-02-19 21:55,2022-02-19 22:12,โอน/ชำระผ่านช่องทางธนาคาร,,Bank Transfer,3.00%,Standard Delivery - ส่งธรรมดาในประเทศ-J&T Express,pickup,611775788271,2022-02-22 22:12,2022-02-20 15:35,,วิตามินบำรุงผม GIZEL❤️ ลดผมร่วง กระตุ้นการงอกใหม่ ผมสวย มีวอลลุ่มสุขภาพดี / รีวิวเยอะมาก,,1 กล่อง,1590.00,1290.00,1,1290.00,0.00,1190.00,0.00,0.00,GIZE1B,N,0.00,0.00,0,0.00,0.00,3.00,100.00,0.00,0.00,0.00,0.00,100.00,0.00,ณ******ิ,******69,,******ือง จ.ปทุมธานี 12000 อำเภอเมืองปทุมธานี จังหวัดปทุมธานี 12000,TH,จังหวัดปทุมธานี,อำเภอเมืองปทุมธานี,12000,,2022-02-22 13:11,
2202200NK2DT27,สำเร็จแล้ว,,,kkhimcrazyy,2022-02-20 09:26,2022-02-20 09:56,เก็บเงินปลายทาง,,Cash on Delivery,3.00%,Standard Delivery - ส่งธรรมดาในประเทศ-J&T Express,pickup,610987779964,2022-02-22 09:56,2022-02-20 15:35,,วิตามินบำรุงผม GIZEL❤️ ลดผมร่วง กระตุ้นการงอกใหม่ ผมสวย มีวอลลุ่มสุขภาพดี / รีวิวเยอะมาก,,1 กล่อง,1590.00,1290.00,1,1290.00,0.00,1190.00,0.00,0.00,GIZE1B,N,0.00,0.00,0,0.00,0.00,3.00,100.00,0.00,0.00,0.00,0.00,100.00,0.00,ณ******ม,******45,,******405/228 หมู่3 ต.สันนาเม็ง อำเภอสันทราย จังหวัดเชียงใหม่ 50210,TH,จังหวัดเชียงใหม่,อำเภอสันทราย,50210,,2022-02-23 16:20,
2202226VQ3339D,สำเร็จแล้ว,,,nerisa.p,2022-02-22 20:49,2022-02-22 20:50,บัตรเครดิต/บัตรเดบิต,,Airpay Credit Card,3.00%,Standard Delivery - ส่งธรรมดาในประเทศ-Kerry,pickup,SHP5124577846,2022-02-24 20:50,2022-02-23 15:50,,วิตามินบำรุงผม GIZEL❤️ ลดผมร่วง กระตุ้นการงอกใหม่ ผมสวย มีวอลลุ่มสุขภาพดี / รีวิวเยอะมาก,,1 กล่อง,1590.00,1290.00,1,1290.00,0.00,0.00,0.00,0.00,,N,0.00,0.00,0,0.00,0.00,39.00,1290.00,0.00,0.00,0.00,0.00,1290.00,0.00,เ******ย,******96,,****** 9 ถนนกรุงเทพกรีฑา แขวงหัวหมาก เขตบางกะปิ จังหวัดกรุงเทพมหานคร 10240,TH,จังหวัดกรุงเทพมหานคร,เขตบางกะปิ,10240,,2022-02-27 13:17,
220225C7CQPQAC,สำเร็จแล้ว,,,mookchd,2022-02-24 23:44,2022-02-24 23:44,ShopeePay - ตัดบัญชีธนาคาร,,Airpay GIRO,3.00%,Standard Delivery - ส่งธรรมดาในประเทศ-J&T Express,pickup,617780074461,2022-02-26 23:44,2022-02-25 15:34,,[Set 2 กล่อง] วิตามินบำรุงผม GIZEL❤️ ลดผมร่วง กระตุ้นการงอกใหม่ ผมสวย มีวอลลุ่มสุขภาพดี / รีวิวเยอะมาก,,,3180.00,2090.00,1,2090.00,0.00,1990.00,0.00,0.00,GIZE2B,N,0.00,0.00,0,0.00,0.00,3.00,100.00,0.00,0.00,0.00,0.00,100.00,0.00,ศ******ด,******34,,******คอนโดเทล หมู่ 6 ต.พลา อำเภอบ้านฉาง จังหวัดระยอง 21130,TH,จังหวัดระยอง,อำเภอบ้านฉาง,21130,,2022-03-01 16:15,
220225D92BJ36F,สำเร็จแล้ว,,,atityay2539,2022-02-25 09:47,2022-02-25 09:47,ShopeePay - ตัดบัญชีธนาคาร,,Airpay GIRO,3.00%,Standard Delivery - ส่งธรรมดาในประเทศ-J&T Express,pickup,617076997095,2022-02-28 09:47,2022-02-25 15:34,,วิตามินบำรุงผม GIZEL❤️ ลดผมร่วง กระตุ้นการงอกใหม่ ผมสวย มีวอลลุ่มสุขภาพดี / รีวิวเยอะมาก,,1 กล่อง,1590.00,1290.00,1,1290.00,0.00,0.00,0.00,30.00,AMCP24DD50C30,N,0.00,0.00,0,0.00,0.00,38.00,1260.00,0.00,0.00,0.00,0.00,1260.00,0.00,อ******ี,******79,,"****** ตึก เอ, เขตวังทองหลาง เขตวังทองหลาง จังหวัดกรุงเทพมหานคร 10310",TH,จังหวัดกรุงเทพมหานคร,เขตวังทองหลาง,10310,,2022-02-27 18:01,
220301PW9HVQTA,ยกเลิกแล้ว,ยกเลิกโดยผู้ซื้อ เหตุผล : อื่น ๆ หรือเปลี่ยนใจ,,ppoa_drt,2022-03-01 05:42,2022-03-01 06:12,เก็บเงินปลายทาง,,Cash on Delivery,3.00%,Standard Delivery - ส่งธรรมดาในประเทศ-J&T Express,,,2022-03-03 06:12,,,วิตามินบำรุงผม GIZEL❤️ ลดผมร่วง กระตุ้นการงอกใหม่ ผมสวย มีวอลลุ่มสุขภาพดี / รีวิวเยอะมาก,,1 กล่อง,1590.00,1590.00,1,1590.00,0.00,0.00,0.00,0.00,GIZE1BE,N,0.00,0.00,0,0.00,0.00,0.00,400.00,0.00,0.00,0.00,0.00,0.00,0.00,ด******ฐ,******62,,******. ในเมือง อำเภอเมืองพิษณุโลก จังหวัดพิษณุโลก 65000,TH,จังหวัดพิษณุโลก,อำเภอเมืองพิษณุโลก,65000,,,
220301QE3S0Y3R,สำเร็จแล้ว,,,ppoa_drt,2022-03-01 10:43,2022-03-01 10:44,ShopeePay - ยอดเงินใน Wallet,,Airpay Wallet V2,3.00%,Standard Delivery - ส่งธรรมดาในประเทศ-J&T Express,pickup,613628201336,2022-03-03 10:44,2022-03-01 14:37,,วิตามินบำรุงผม GIZEL❤️ ลดผมร่วง กระตุ้นการงอกใหม่ ผมสวย มีวอลลุ่มสุขภาพดี / รีวิวเยอะมาก,,1 กล่อง,1590.00,1290.00,1,1290.00,0.00,1190.00,0.00,0.00,GIZE1BE,N,0.00,0.00,0,0.00,0.00,3.00,100.00,0.00,0.00,0.00,0.00,100.00,0.00,ด******ฐ,******62,,******. ในเมือง อำเภอเมืองพิษณุโลก จังหวัดพิษณุโลก 65000,TH,จังหวัดพิษณุโลก,อำเภอเมืองพิษณุโลก,65000,,2022-03-03 18:14,
220301QX8G3VKR,สำเร็จแล้ว,,,noon254216,2022-03-01 15:32,2022-03-01 15:34,ShopeePay - ตัดบัญชีธนาคาร,,Airpay GIRO,3.00%,Standard Delivery - ส่งธรรมดาในประเทศ-J&T Express,pickup,616166174960,2022-03-03 15:34,2022-03-02 15:11,,วิตามินบำรุงผม GIZEL❤️ ลดผมร่วง กระตุ้นการงอกใหม่ ผมสวย มีวอลลุ่มสุขภาพดี / รีวิวเยอะมาก,,1 กล่อง,1590.00,1290.00,1,1290.00,0.00,1190.00,0.00,0.00,GIZE1BE,N,0.00,0.00,0,0.00,0.00,3.00,100.00,0.00,0.00,0.00,0.00,100.00,0.00,ส******),******59,,"******ี, 47 50-53 หมู่ 3, ตำบล บางกระเบา อำเภอนครชัยศรี จังหวัดนครปฐม 73120",TH,จังหวัดนครปฐม,อำเภอนครชัยศรี,73120,,2022-03-04 18:28,
220303V58PRDM7,สำเร็จแล้ว,,,nootikpankan,2022-03-03 07:48,2022-03-03 08:18,เก็บเงินปลายทาง,,Cash on Delivery,3.00%,Standard Delivery - ส่งธรรมดาในประเทศ-J&T Express,pickup,618012447216,2022-03-07 08:18,2022-03-03 15:04,,วิตามินบำรุงผม GIZEL❤️ ลดผมร่วง กระตุ้นการงอกใหม่ ผมสวย มีวอลลุ่มสุขภาพดี / รีวิวเยอะมาก,,1 กล่อง,1590.00,1290.00,1,1290.00,0.00,0.00,0.00,91.00,33FNF450,N,0.00,0.00,2500,0.00,0.00,35.00,1174.00,0.00,0.00,0.00,0.00,1174.00,0.00,S******n,******69,,******ม. 5 ถ. พุทธมณฑลสาย4 ต. กระทุ่มลม อำเภอสามพราน จังหวัดนครปฐม 73220,TH,จังหวัดนครปฐม,อำเภอสามพราน,73220,,2022-03-07 13:25,
220303VUA2768C,สำเร็จแล้ว,,,kandysriraumpuch,2022-03-03 14:23,2022-03-03 14:23,บัตรเครดิต/บัตรเดบิต,,Airpay Credit Card,3.00%,Standard Delivery - ส่งธรรมดาในประเทศ-J&T Express,pickup,611487801713,2022-03-07 14:23,2022-03-03 15:04,,วิตามินบำรุงผม GIZEL❤️ ลดผมร่วง กระตุ้นการงอกใหม่ ผมสวย มีวอลลุ่มสุขภาพดี / รีวิวเยอะมาก,,Set 2 กล่อง,3180.00,2090.00,1,2090.00,0.00,0.00,0.00,0.00,,N,0.00,0.00,0,0.00,0.00,63.00,2090.00,0.00,0.00,0.00,0.00,2090.00,0.00,ก******ช,******84,,******าคุณสิงห์ เขตวังทองหลาง กทม. 10310 เขตวังทองหลาง จังหวัดกรุงเทพมหานคร 10310,TH,จังหวัดกรุงเทพมหานคร,เขตวังทองหลาง,10310,,2022-03-08 07:35,
2203055GQ0BPRT,สำเร็จแล้ว,,,jeensopicha,2022-03-05 21:29,2022-03-06 10:45,โอน/ชำระผ่านช่องทางธนาคาร,,Bank Transfer,3.00%,Standard Delivery - ส่งธรรมดาในประเทศ-J&T Express,pickup,617232361793,2022-03-08 10:45,2022-03-06 15:28,,วิตามินบำรุงผม GIZEL❤️ ลดผมร่วง กระตุ้นการงอกใหม่ ผมสวย มีวอลลุ่มสุขภาพดี / รีวิวเยอะมาก,,1 กล่อง,1590.00,1290.00,1,1290.00,0.00,0.00,0.00,0.00,,N,0.00,0.00,0,0.00,0.00,39.00,1290.00,0.00,0.00,0.00,0.00,1290.00,0.00,โ******ศ,******84,,******้านสี่ชัยวิลล่า ซอย2 ดอนเมือง เขตดอนเมือง จังหวัดกรุงเทพมหานคร 10210,TH,จังหวัดกรุงเทพมหานคร,เขตดอนเมือง,10210,,2022-03-07 12:03,
220307873Y2NMP,สำเร็จแล้ว,,,conyyaya,2022-03-06 23:15,2022-03-06 23:18,บัตรเครดิต/บัตรเดบิต,,Airpay Credit Card,3.00%,Standard Delivery - ส่งธรรมดาในประเทศ-Kerry,pickup,SHP5127586144,2022-03-08 23:18,2022-03-08 20:16,,[Set 2 กล่อง] วิตามินบำรุงผม GIZEL❤️ ลดผมร่วง กระตุ้นการงอกใหม่ ผมสวย มีวอลลุ่มสุขภาพดี / รีวิวเยอะมาก,,,3180.00,2090.00,1,2090.00,0.00,0.00,0.00,0.00,,N,0.00,0.00,0,0.00,0.00,63.00,2090.00,0.00,0.00,0.00,0.00,2090.00,0.00,ว******ศ,******95,,******ทวงศ์13 เขต บางกอกใหญ่ แขวง วัดท่าพระ 10600 เขตบางกอกใหญ่ จังหวัดกรุงเทพมหานคร 10600,TH,จังหวัดกรุงเทพมหานคร,เขตบางกอกใหญ่,10600,,2022-03-13 07:45,
220309DHSFNR3X,สำเร็จแล้ว,,,bamboo.1120,2022-03-09 02:09,2022-03-09 02:09,ShopeePay - ยอดเงินใน Wallet,,Airpay Wallet V2,3.00%,Standard Delivery - ส่งธรรมดาในประเทศ-J&T Express,pickup,611066992270,2022-03-11 02:09,2022-03-10 16:11,,วิตามินบำรุงผม GIZEL❤️ ลดผมร่วง กระตุ้นการงอกใหม่ ผมสวย มีวอลลุ่มสุขภาพดี / รีวิวเยอะมาก,,1 กล่อง,1590.00,1290.00,1,1290.00,0.00,0.00,0.00,0.00,,N,0.00,0.00,0,0.00,0.00,39.00,1290.00,0.00,0.00,0.00,0.00,1290.00,0.00,น******ล,******16,,******เมือง จ.ชลบุรี อำเภอเมืองชลบุรี จังหวัดชลบุรี 20130,TH,จังหวัดชลบุรี,อำเภอเมืองชลบุรี,20130,,2022-03-13 12:25,
220310GVF7YKKF,สำเร็จแล้ว,,,malayy_o,2022-03-10 09:58,2022-03-10 09:59,SPayLater,,Shopee Credit x6,3.00%,Standard Delivery - ส่งธรรมดาในประเทศ-J&T Express,pickup,619884193342,2022-03-12 09:59,2022-03-10 16:11,,วิตามินบำรุงผม GIZEL❤️ ลดผมร่วง กระตุ้นการงอกใหม่ ผมสวย มีวอลลุ่มสุขภาพดี / รีวิวเยอะมาก,,Set 3 กล่อง,4770.00,2490.00,1,2490.00,0.00,0.00,0.00,0.00,,N,0.00,0.00,0,0.00,0.00,75.00,2490.00,0.00,0.00,0.00,0.00,2490.00,0.00,ป****า,******44,,"******ึก b, เลขที่ 79/192, แขวงรามอินทรา, เขตคันนายาว เขตคันนายาว จังหวัดกรุงเทพมหานคร 10230",TH,จังหวัดกรุงเทพมหานคร,เขตคันนายาว,10230,,2022-03-11 15:38,
220311K5NF6SD8,สำเร็จแล้ว,,,olive.oil.,2022-03-11 07:48,2022-03-11 07:49,SPayLater,,Shopee Credit x12,3.00%,Standard Delivery - ส่งธรรมดาในประเทศ-J&T Express,pickup,611567974636,2022-03-14 07:49,2022-03-11 16:19,,[Set 2 กล่อง] วิตามินบำรุงผม GIZEL❤️ ลดผมร่วง กระตุ้นการงอกใหม่ ผมสวย มีวอลลุ่มสุขภาพดี / รีวิวเยอะมาก,,,3180.00,2090.00,1,2090.00,0.00,0.00,0.00,0.00,,N,0.00,0.00,0,0.00,0.00,63.00,2090.00,0.00,0.00,0.00,0.00,2090.00,0.00,ร******์,******13,,****** ต.บางเมืองใหม่ (สุดซอยซ้ายมือ) อำเภอเมืองสมุทรปราการ จังหวัดสมุทรปราการ 10270,TH,จังหวัดสมุทรปราการ,อำเภอเมืองสมุทรปราการ,10270,,2022-03-14 08:50,
220311KJEKF6MV,สำเร็จแล้ว,,,kkkanjana,2022-03-11 11:37,2022-03-11 11:37,Online Payment,,iBanking Payment V2 (K Plus),3.00%,Standard Delivery - ส่งธรรมดาในประเทศ-J&T Express,pickup,614068518346,2022-03-14 11:37,2022-03-11 16:19,,วิตามินบำรุงผม GIZEL❤️ ลดผมร่วง กระตุ้นการงอกใหม่ ผมสวย มีวอลลุ่มสุขภาพดี / รีวิวเยอะมาก,,1 กล่อง,1590.00,1290.00,1,1290.00,0.00,0.00,0.00,0.00,,N,0.00,0.00,0,0.00,0.00,39.00,1290.00,0.00,0.00,0.00,0.00,1290.00,0.00,ก******ก,******40,,******อ.บ่อไร่ จ.ตราด อำเภอบ่อไร่ จังหวัดตราด 23140,TH,จังหวัดตราด,อำเภอบ่อไร่,23140,,2022-03-16 08:29,
220312P4BFHJYE,สำเร็จแล้ว,,,jeensopicha,2022-03-12 12:03,2022-03-12 12:21,โอน/ชำระผ่านช่องทางธนาคาร,,Bank Transfer,3.00%,Standard Delivery - ส่งธรรมดาในประเทศ-J&T Express,pickup,612267628512,2022-03-15 12:21,2022-03-12 16:14,,วิตามินบำรุงผม GIZEL❤️ ลดผมร่วง กระตุ้นการงอกใหม่ ผมสวย มีวอลลุ่มสุขภาพดี / รีวิวเยอะมาก,,1 กล่อง,1590.00,990.00,1,990.00,0.00,0.00,0.00,0.00,,N,0.00,0.00,0,0.00,0.00,30.00,990.00,0.00,0.00,0.00,0.00,990.00,0.00,โ******ศ,******84,,******้านสี่ชัยวิลล่า ซอย2 ดอนเมือง เขตดอนเมือง จังหวัดกรุงเทพมหานคร 10210,TH,จังหวัดกรุงเทพมหานคร,เขตดอนเมือง,10210,,2022-03-13 10:35,
220314TX8JJ2MN,สำเร็จแล้ว,,,sudaratpuk31,2022-03-14 09:57,2022-03-14 09:57,ShopeePay - ตัดบัญชีธนาคาร,,Airpay GIRO,3.00%,Standard Delivery - ส่งธรรมดาในประเทศ-J&T Express,pickup,614444674885,2022-03-16 09:57,2022-03-14 16:50,,วิตามินบำรุงผม GIZEL❤️ ลดผมร่วง กระตุ้นการงอกใหม่ ผมสวย มีวอลลุ่มสุขภาพดี / รีวิวเยอะมาก,,1 กล่อง,1590.00,990.00,1,990.00,0.00,0.00,0.00,0.00,,N,0.00,0.00,200,0.00,0.00,30.00,988.00,0.00,0.00,0.00,0.00,988.00,0.00,ส******า,******83,,******8/311 ม.4 ต.เชียงรากน้อย อำเภอสามโคก จังหวัดปทุมธานี 12160,TH,จังหวัดปทุมธานี,อำเภอสามโคก,12160,,2022-03-15 10:59,
220314UF7VXNTA,สำเร็จแล้ว,,,bluestms_,2022-03-14 15:01,2022-03-14 15:21,โอน/ชำระผ่านช่องทางธนาคาร,,Bank Transfer,3.00%,Standard Delivery - ส่งธรรมดาในประเทศ-J&T Express,pickup,617061490640,2022-03-16 15:21,2022-03-14 16:50,,วิตามินบำรุงผม GIZEL❤️ ลดผมร่วง กระตุ้นการงอกใหม่ ผมสวย มีวอลลุ่มสุขภาพดี / รีวิวเยอะมาก,,1 กล่อง,1590.00,990.00,1,990.00,0.00,0.00,0.00,0.00,,N,0.00,0.00,0,0.00,0.00,30.00,990.00,0.00,0.00,0.00,0.00,990.00,0.00,น******ม,******56,,****** อ.เมืองสมุทรสาคร จ.สมุทรสาคร อำเภอเมืองสมุทรสาคร จังหวัดสมุทรสาคร 74000,TH,จังหวัดสมุทรสาคร,อำเภอเมืองสมุทรสาคร,74000,,2022-03-19 07:12,
220315VE21X0VC,สำเร็จแล้ว,,,praery_ts,2022-03-15 00:12,2022-03-15 00:13,ShopeePay - ยอดเงินใน Wallet,,Airpay Wallet V2,3.00%,Standard Delivery - ส่งธรรมดาในประเทศ-Kerry,pickup,SHP5129185938,2022-03-18 00:13,2022-03-15 18:27,,วิตามินบำรุงผม GIZEL❤️ ลดผมร่วง กระตุ้นการงอกใหม่ ผมสวย มีวอลลุ่มสุขภาพดี / รีวิวเยอะมาก,,1 กล่อง,1590.00,990.00,1,990.00,0.00,0.00,0.00,0.00,315GOLDCCB15,N,0.00,0.00,0,0.00,0.00,30.00,990.00,0.00,0.00,0.00,0.00,990.00,0.00,ธ******ร,******46,,******รามอินทรา เขตคันนายาว จังหวัดกรุงเทพมหานคร 10230,TH,จังหวัดกรุงเทพมหานคร,เขตคันนายาว,10230,,2022-03-16 18:18,
2203150FGAQFFT,สำเร็จแล้ว,,,bumbimbb39,2022-03-15 11:10,2022-03-15 11:11,SPayLater,,Shopee Credit x6,3.00%,Standard Delivery - ส่งธรรมดาในประเทศ-Kerry,pickup,SHP5129277332,2022-03-18 11:11,2022-03-15 18:23,,[Set 3 กล่อง] วิตามินบำรุงผม GIZEL❤️ ลดผมร่วง กระตุ้นการงอกใหม่ ผมสวย มีวอลลุ่มสุขภาพดี / รีวิวเยอะมาก,,,4770.00,2490.00,1,2490.00,0.00,0.00,0.00,175.00,315FNF450,N,0.00,0.00,0,0.00,0.00,69.00,2315.00,0.00,0.00,0.00,0.00,2315.00,0.00,ส******ี,******58,,******าเซล)ต.น้ำซึม อำเภอเมืองอุทัยธานี จังหวัดอุทัยธานี 61000,TH,จังหวัดอุทัยธานี,อำเภอเมืองอุทัยธานี,61000,,2022-03-17 09:35,
2203150UBGPBVS,สำเร็จแล้ว,,,kultidaj,2022-03-15 14:42,2022-03-15 14:43,SPayLater,,Shopee Credit BNPL,3.00%,Standard Delivery - ส่งธรรมดาในประเทศ-Kerry,pickup,SHP5129361985,2022-03-18 14:43,2022-03-16 14:44,,วิตามินบำรุงผม GIZEL❤️ ลดผมร่วง กระตุ้นการงอกใหม่ ผมสวย มีวอลลุ่มสุขภาพดี / รีวิวเยอะมาก,,1 กล่อง,1590.00,990.00,1,990.00,0.00,0.00,0.00,70.00,315FNF450,N,0.00,0.00,0,0.00,0.00,28.00,920.00,0.00,0.00,0.00,0.00,920.00,0.00,ก******์,******44,,******12A ตึกB ถ.ตากสิน-เพชรเกษม แขวงบุคคโล เขตธนบุรี จังหวัดกรุงเทพมหานคร 10600,TH,จังหวัดกรุงเทพมหานคร,เขตธนบุรี,10600,,2022-03-17 19:08,
2203150YUFWE6G,สำเร็จแล้ว,,,phetladda.1990,2022-03-15 16:03,2022-03-15 16:03,SPayLater,,Shopee Credit x12,3.00%,Standard Delivery - ส่งธรรมดาในประเทศ-Kerry,pickup,SHP5129407129,2022-03-18 16:03,2022-03-16 14:44,,วิตามินบำรุงผม GIZEL❤️ ลดผมร่วง กระตุ้นการงอกใหม่ ผมสวย มีวอลลุ่มสุขภาพดี / รีวิวเยอะมาก,,1 กล่อง,1590.00,990.00,1,990.00,0.00,0.00,0.00,0.00,,N,0.00,0.00,0,0.00,0.00,30.00,990.00,0.00,0.00,0.00,0.00,990.00,0.00,เ******ฐ,******12,,******กชลบุรี สาขา ถนนสาย 331 ต.บ่อวิน อำเภอศรีราชา จังหวัดชลบุรี 20230,TH,จังหวัดชลบุรี,อำเภอศรีราชา,20230,,2022-03-17 22:49,
2203163PA4069C,สำเร็จแล้ว,,,bake.beantleshouse,2022-03-16 17:50,2022-03-16 17:50,ShopeePay - ตัดบัญชีธนาคาร,,Airpay GIRO,3.00%,Standard Delivery - ส่งธรรมดาในประเทศ-J&T Express,pickup,616706029936,2022-03-18 17:50,2022-03-17 14:51,,วิตามินบำรุงผม GIZEL❤️ ลดผมร่วง กระตุ้นการงอกใหม่ ผมสวย มีวอลลุ่มสุขภาพดี / รีวิวเยอะมาก,,1 กล่อง,1590.00,990.00,1,990.00,0.00,0.00,0.00,0.00,,N,0.00,0.00,200,0.00,0.00,30.00,988.00,0.00,0.00,0.00,0.00,988.00,0.00,ป******ี,******91,,******น คอนโด ม.2 ต.เกาะแก้ว อำเภอเมืองภูเก็ต จังหวัดภูเก็ต 83000,TH,จังหวัดภูเก็ต,อำเภอเมืองภูเก็ต,83000,,2022-03-23 07:48,
2203163QX6A9TK,สำเร็จแล้ว,,,jeensopicha,2022-03-16 18:19,2022-03-16 18:41,โอน/ชำระผ่านช่องทางธนาคาร,,Bank Transfer,3.00%,Standard Delivery - ส่งธรรมดาในประเทศ-J&T Express,pickup,617705352353,2022-03-18 18:41,2022-03-17 14:33,,วิตามินบำรุงผม GIZEL❤️ ลดผมร่วง กระตุ้นการงอกใหม่ ผมสวย มีวอลลุ่มสุขภาพดี / รีวิวเยอะมาก,,1 กล่อง,1590.00,990.00,1,990.00,0.00,0.00,0.00,0.00,,N,0.00,0.00,0,0.00,0.00,30.00,990.00,0.00,0.00,0.00,0.00,990.00,0.00,โ******ศ,******84,,******้านสี่ชัยวิลล่า ซอย2 ดอนเมือง เขตดอนเมือง จังหวัดกรุงเทพมหานคร 10210,TH,จังหวัดกรุงเทพมหานคร,เขตดอนเมือง,10210,,2022-03-18 11:30,
220319AX5C8K3Q,สำเร็จแล้ว,,,sunisasuathong2537,2022-03-19 14:59,2022-03-19 15:00,บัตรเครดิต/บัตรเดบิต,,Airpay Credit Card,3.00%,Standard Delivery - ส่งธรรมดาในประเทศ-J&T Express,pickup,612585068745,2022-03-22 15:00,2022-03-19 16:18,,วิตามินบำรุงผม GIZEL❤️ ลดผมร่วง กระตุ้นการงอกใหม่ ผมสวย มีวอลลุ่มสุขภาพดี / รีวิวเยอะมาก,,Set 2 กล่อง,3180.00,2090.00,1,2090.00,0.00,0.00,0.00,0.00,,N,0.00,0.00,0,0.00,0.00,63.00,2090.00,0.00,0.00,0.00,0.00,2090.00,0.00,ส******ง,******90,,******ลองห้า อำเภอคลองหลวง จังหวัดปทุมธานี 12120,TH,จังหวัดปทุมธานี,อำเภอคลองหลวง,12120,,2022-03-23 09:15,
220320D4JXHQJR,สำเร็จแล้ว,,,jjme0523,2022-03-20 12:00,2022-03-20 12:00,ShopeePay - ตัดบัญชีธนาคาร,,Airpay GIRO,3.00%,Standard Delivery - ส่งธรรมดาในประเทศ-J&T Express,pickup,619000086714,2022-03-22 12:00,2022-03-20 18:05,,วิตามินบำรุงผม GIZEL❤️ ลดผมร่วง กระตุ้นการงอกใหม่ ผมสวย มีวอลลุ่มสุขภาพดี / รีวิวเยอะมาก,,Set 3 กล่อง,4770.00,2490.00,1,2490.00,0.00,0.00,0.00,0.00,,N,0.00,0.00,0,0.00,0.00,75.00,2490.00,0.00,0.00,0.00,0.00,2490.00,0.00,ณ******ต,******61,,"******ักขุนเณร, อำเภอดงเจริญ อำเภอดงเจริญ จังหวัดพิจิตร 66210",TH,จังหวัดพิจิตร,อำเภอดงเจริญ,66210,,2022-03-22 12:15,
220321EM29JQ03,ยกเลิกแล้ว,ยกเลิกโดยอัตโนมัติจากระบบของ Shopee <br>เหตุผล : ไม่มีการชำระเงิน,,nookareeya,2022-03-21 02:09,-,Online Payment,,iBanking Payment V2 (BBL),3.00%,Standard Delivery - ส่งธรรมดาในประเทศ,,,,,,วิตามินบำรุงผม GIZEL❤️ ลดผมร่วง กระตุ้นการงอกใหม่ ผมสวย มีวอลลุ่มสุขภาพดี / รีวิวเยอะมาก,,Set 3 กล่อง,4770.00,2490.00,1,2490.00,0.00,0.00,0.00,0.00,,N,0.00,0.00,0,0.00,0.00,0.00,2490.00,0.00,0.00,0.00,0.00,0.00,0.00,อ****** ,******56,,"******างบอน 5, แขวงบางบอน, เขตบางบอน เขตบางบอน จังหวัดกรุงเทพมหานคร 10150",TH,จังหวัดกรุงเทพมหานคร,เขตบางบอน,10150,,,
220321G3CMNGCV,สำเร็จแล้ว,,,butsagonginboran,2022-03-21 16:16,2022-03-21 16:46,เก็บเงินปลายทาง,,Cash on Delivery,3.00%,Standard Delivery - ส่งธรรมดาในประเทศ-J&T Express,pickup,614535442813,2022-03-23 16:46,2022-03-22 14:21,,วิตามินบำรุงผม GIZEL❤️ ลดผมร่วง กระตุ้นการงอกใหม่ ผมสวย มีวอลลุ่มสุขภาพดี / รีวิวเยอะมาก,,1 กล่อง,1590.00,1290.00,1,1290.00,0.00,0.00,0.00,0.00,,N,0.00,0.00,0,0.00,0.00,39.00,1290.00,0.00,0.00,0.00,0.00,1290.00,0.00,บ******ณ,******79,,******ม.9 ต.บัวเเดง อำเภอปทุมรัตต์ จังหวัดร้อยเอ็ด 45190,TH,จังหวัดร้อยเอ็ด,อำเภอปทุมรัตต์,45190,,2022-03-28 07:05,
220323MXJESJPV,สำเร็จแล้ว,,,janeekumtawee,2022-03-23 14:33,2022-03-23 15:03,เก็บเงินปลายทาง,,Cash on Delivery,3.00%,Standard Delivery - ส่งธรรมดาในประเทศ-J&T Express,pickup,617602396611,2022-03-25 15:03,2022-03-24 15:00,,วิตามินบำรุงผม GIZEL❤️ ลดผมร่วง กระตุ้นการงอกใหม่ ผมสวย มีวอลลุ่มสุขภาพดี / รีวิวเยอะมาก,,Set 3 กล่อง,4770.00,2490.00,1,2490.00,0.00,0.00,0.00,0.00,,N,0.00,0.00,0,0.00,0.00,75.00,2490.00,0.00,0.00,0.00,0.00,2490.00,0.00,พ******ี,******58,,******หาพฤฒาราม เขตบางรัก จังหวัดกรุงเทพมหานคร 10500,TH,จังหวัดกรุงเทพมหานคร,เขตบางรัก,10500,,2022-03-26 11:15,
220324QEFTDH38,สำเร็จแล้ว,,,namtoeykruasena,2022-03-24 14:23,2022-03-24 14:24,บัตรเครดิต/บัตรเดบิต,,Airpay Credit Card,3.00%,Standard Delivery - ส่งธรรมดาในประเทศ-J&T Express,pickup,619445162140,2022-03-26 14:24,2022-03-24 15:00,,วิตามินบำรุงผม GIZEL❤️ ลดผมร่วง กระตุ้นการงอกใหม่ ผมสวย มีวอลลุ่มสุขภาพดี / รีวิวเยอะมาก,,1 กล่อง,1590.00,1290.00,1,1290.00,0.00,0.00,0.00,0.00,,N,0.00,0.00,0,0.00,0.00,39.00,1290.00,0.00,0.00,0.00,0.00,1290.00,0.00,ว******า,******89,,******8 ม.4 ต.สำนักท้อน อำเภอบ้านฉาง จังหวัดระยอง 21130,TH,จังหวัดระยอง,อำเภอบ้านฉาง,21130,,2022-03-26 11:31,
22032832N8W98A,สำเร็จแล้ว,,,missbingo,2022-03-28 01:45,2022-03-28 01:46,บัตรเครดิต/บัตรเดบิต,,Airpay Credit Card,3.00%,Standard Delivery - ส่งธรรมดาในประเทศ-J&T Express,pickup,618724809544,2022-03-30 01:46,2022-03-28 14:49,,[Set 2 กล่อง] วิตามินบำรุงผม GIZEL❤️ ลดผมร่วง กระตุ้นการงอกใหม่ ผมสวย มีวอลลุ่มสุขภาพดี / รีวิวเยอะมาก,,,3180.00,2090.00,1,2090.00,0.00,0.00,0.00,0.00,,N,0.00,0.00,0,0.00,0.00,63.00,2090.00,0.00,0.00,0.00,0.00,2090.00,0.00,N******a,******45,,******um Chonburi ถ.สุขุมวิท ต.เสม็ด อำเภอเมืองชลบุรี จังหวัดชลบุรี 20000,TH,จังหวัดชลบุรี,อำเภอเมืองชลบุรี,20000,,2022-03-29 22:50,
2203309CMVHW5V,สำเร็จแล้ว,,,siriratratlerdkarn,2022-03-30 14:00,2022-03-30 14:02,บัตรเครดิต/บัตรเดบิต,,iBanking Payment (SCB) (New),3.00%,Standard Delivery - ส่งธรรมดาในประเทศ-J&T Express,pickup,619628950194,2022-04-01 14:02,2022-03-30 15:29,,วิตามินบำรุงผม GIZEL❤️ ลดผมร่วง กระตุ้นการงอกใหม่ ผมสวย มีวอลลุ่มสุขภาพดี / รีวิวเยอะมาก,,Set 3 กล่อง,4770.00,2490.00,1,2490.00,0.00,0.00,0.00,0.00,,N,0.00,0.00,0,0.00,0.00,75.00,2490.00,0.00,0.00,0.00,0.00,2490.00,0.00,ส******์,******55,,******งบางพราน เขตบางบอน กรุงเทพมหานคร 10150 เขตบางบอน จังหวัดกรุงเทพมหานคร 10150,TH,จังหวัดกรุงเทพมหานคร,เขตบางบอน,10150,,2022-03-31 21:49,
220331BTH0RHJF,สำเร็จแล้ว,,,ipuifaii,2022-03-31 13:14,2022-03-31 13:14,SPayLater,,Shopee Credit x3,3.00%,Standard Delivery - ส่งธรรมดาในประเทศ-J&T Express,pickup,618729277401,2022-04-02 13:14,2022-03-31 18:28,,วิตามินบำรุงผม GIZEL❤️ ลดผมร่วง กระตุ้นการงอกใหม่ ผมสวย มีวอลลุ่มสุขภาพดี / รีวิวเยอะมาก,,1 กล่อง,1590.00,1290.00,1,1290.00,0.00,0.00,0.00,0.00,,N,0.00,0.00,0,0.00,0.00,39.00,1290.00,0.00,0.00,0.00,0.00,1290.00,0.00,ฝ**ย,******55,,******น สุขุมวิท 101/1 แขวงบางจาก เขตพระโขนง จังหวัดกรุงเทพมหานคร 10260,TH,จังหวัดกรุงเทพมหานคร,เขตพระโขนง,10260,,2022-04-01 20:19,
220402GHTPJ9JD,สำเร็จแล้ว,,,madeers,2022-04-02 10:21,2022-04-02 10:51,โอน/ชำระผ่านช่องทางธนาคาร,,Bank Transfer,3.00%,Standard Delivery - ส่งธรรมดาในประเทศ-J&T Express,pickup,612108025631,2022-04-05 10:51,2022-04-02 18:29,,วิตามินบำรุงผม GIZEL❤️ ลดผมร่วง กระตุ้นการงอกใหม่ ผมสวย มีวอลลุ่มสุขภาพดี / รีวิวเยอะมาก,,Set 3 กล่อง,4770.00,2490.00,1,2490.00,0.00,0.00,0.00,0.00,,N,0.00,0.00,0,0.00,0.00,75.00,2490.00,0.00,0.00,0.00,0.00,2490.00,0.00,M******9,******67,,******นกะตะ ตำบลกะรน อำเภอเมืองภูเก็ต จังหวัดภูเก็ต 83100,TH,จังหวัดภูเก็ต,อำเภอเมืองภูเก็ต,83100,,2022-04-05 12:43,
220404MCT4BMNG,สำเร็จแล้ว,,,fongpatchaya,2022-04-03 23:02,2022-04-03 23:42,โอน/ชำระผ่านช่องทางธนาคาร,,Bank Transfer,3.00%,Standard Delivery - ส่งธรรมดาในประเทศ-J&T Express,pickup,614808066891,2022-04-05 23:42,2022-04-04 16:38,,วิตามินบำรุงผม GIZEL❤️ ลดผมร่วง กระตุ้นการงอกใหม่ ผมสวย มีวอลลุ่มสุขภาพดี / รีวิวเยอะมาก,,Set 2 กล่อง,3180.00,2090.00,1,2090.00,0.00,0.00,0.00,0.00,,N,0.00,0.00,0,0.00,0.00,63.00,2090.00,0.00,0.00,0.00,0.00,2090.00,0.00,พ******ง,******14,,******ื้ออาทรแม่สาย โครงการ1 อำเภอแม่สาย จังหวัดเชียงราย 57130,TH,จังหวัดเชียงราย,อำเภอแม่สาย,57130,,2022-04-06 21:46,
220405RRSCMC5B,สำเร็จแล้ว,,,peaktuan,2022-04-05 16:47,2022-04-05 17:32,เก็บเงินปลายทาง,,Cash on Delivery,3.00%,Standard Delivery - ส่งธรรมดาในประเทศ-J&T Express,pickup,617773882132,2022-04-08 17:32,2022-04-05 21:29,,วิตามินบำรุงผม GIZEL❤️ ลดผมร่วง กระตุ้นการงอกใหม่ ผมสวย มีวอลลุ่มสุขภาพดี / รีวิวเยอะมาก,,1 กล่อง,1590.00,1290.00,1,1290.00,0.00,0.00,0.00,0.00,,N,0.00,0.00,0,0.00,0.00,39.00,1290.00,0.00,0.00,0.00,0.00,1290.00,0.00,พ******น,******46,,******27 ถ.ประเสริฐมนูกิจ แขวงจรเข้บัว เขตลาดพร้าว เขตลาดพร้าว จังหวัดกรุงเทพมหานคร 10230,TH,จังหวัดกรุงเทพมหานคร,เขตลาดพร้าว,10230,,2022-04-10 07:38,
2204108GCCF9WW,สำเร็จแล้ว,,,noobeesukyotin,2022-04-10 19:21,2022-04-10 19:21,SPayLater,,Shopee Credit BNPL,3.00%,Standard Delivery - ส่งธรรมดาในประเทศ-J&T Express,pickup,615282585956,2022-04-12 19:21,2022-04-12 14:09,,วิตามินบำรุงผม GIZEL❤️ ลดผมร่วง กระตุ้นการงอกใหม่ ผมสวย มีวอลลุ่มสุขภาพดี / รีวิวเยอะมาก,,1 กล่อง,1590.00,1290.00,1,1290.00,0.00,0.00,0.00,0.00,,N,0.00,0.00,6900,0.00,0.00,37.00,1221.00,0.00,0.00,0.00,0.00,1221.00,0.00,ธ******น,******71,,******ต.เปร็ง อำเภอบางบ่อ จังหวัดสมุทรปราการ 10560,TH,จังหวัดสมุทรปราการ,อำเภอบางบ่อ,10560,,2022-04-14 05:47,
220411B7YJ9TP7,ยกเลิกแล้ว,ยกเลิกโดยผู้ซื้อ เหตุผล : อื่น ๆ หรือเปลี่ยนใจ,,ying.soba,2022-04-11 21:28,2022-04-11 21:29,SPayLater,,Shopee Credit x2,3.00%,Standard Delivery - ส่งธรรมดาในประเทศ-Kerry,,,2022-04-18 21:29,,,วิตามินบำรุงผม GIZEL❤️ ลดผมร่วง กระตุ้นการงอกใหม่ ผมสวย มีวอลลุ่มสุขภาพดี / รีวิวเยอะมาก,,Set 3 กล่อง,4770.00,2490.00,1,2490.00,0.00,0.00,0.00,0.00,,N,0.00,0.00,0,0.00,0.00,0.00,2490.00,0.00,0.00,0.00,0.00,0.00,0.00,น******์,******58,,******องเหนือ อ.เมือง จ.ศรีสะเกษ อำเภอเมืองศรีสะเกษ จังหวัดศรีสะเกษ 33000,TH,จังหวัดศรีสะเกษ,อำเภอเมืองศรีสะเกษ,33000,,,
220415M9DX5WHT,สำเร็จแล้ว,,,nilasinee,2022-04-15 11:48,2022-04-15 11:51,Online Payment,,iBanking Payment V2 (K Plus),3.00%,Standard Delivery - ส่งธรรมดาในประเทศ-Kerry,Drop-off,SDOF5080684894,2022-04-19 11:51,2022-04-18 13:16,,วิตามินบำรุงผม GIZEL❤️ ลดผมร่วง กระตุ้นการงอกใหม่ ผมสวย มีวอลลุ่มสุขภาพดี / รีวิวเยอะมาก,,1 กล่อง,1590.00,1290.00,1,1290.00,0.00,0.00,0.00,0.00,,N,0.00,0.00,0,0.00,0.00,39.00,1290.00,0.00,0.00,0.00,0.00,1290.00,0.00,น******า,******93,,******แขวงจันทรเกษม เขตจตุจักร กทม 10900 เขตจตุจักร จังหวัดกรุงเทพมหานคร 10900,TH,จังหวัดกรุงเทพมหานคร,เขตจตุจักร,10900,,2022-04-19 13:09,
2204204J0WKY4G,สำเร็จแล้ว,,,kathi_eiei,2022-04-20 19:26,2022-04-20 19:26,SPayLater,,Shopee Credit x3,3.00%,Standard Delivery - ส่งธรรมดาในประเทศ-J&T Express,pickup,619716566055,2022-04-22 19:26,2022-04-21 16:39,,วิตามินบำรุงผม GIZEL❤️ ลดผมร่วง กระตุ้นการงอกใหม่ ผมสวย มีวอลลุ่มสุขภาพดี / รีวิวเยอะมาก,,Set 3 กล่อง,4770.00,2490.00,1,2490.00,0.00,0.00,0.00,0.00,,N,0.00,0.00,0,0.00,0.00,75.00,2490.00,0.00,0.00,0.00,0.00,2490.00,0.00,ธ******ญ,******83,,******จ.ปทุมธานี 12150 (โควิต19 ฟาร์ม) อำเภอลำลูกกา จังหวัดปทุมธานี 12150,TH,จังหวัดปทุมธานี,อำเภอลำลูกกา,12150,,2022-04-22 16:39,
220423BXCMAPR4,สำเร็จแล้ว,,,ployly1986,2022-04-23 17:56,2022-04-23 17:56,SPayLater,,Shopee Credit x12,3.00%,Standard Delivery - ส่งธรรมดาในประเทศ-J&T Express,pickup,612391076710,2022-04-26 17:56,2022-04-24 16:20,,วิตามินบำรุงผม GIZEL❤️ ลดผมร่วง กระตุ้นการงอกใหม่ เร่งผมยาว ผมสวย มีวอลลุ่มสุขภาพดี / รีวิวเยอะมาก,,Set 3 กล่อง,4770.00,2490.00,1,2490.00,0.00,0.00,0.00,0.00,,N,0.00,0.00,0,0.00,0.00,75.00,2490.00,0.00,0.00,0.00,0.00,2490.00,0.00,พ******ง,******82,,******ยบรถไฟตัดใหม่ ต.โพธิ์เสด็จ อำเภอเมืองนครศรีธรรมราช จังหวัดนครศรีธรรมราช 80000,TH,จังหวัดนครศรีธรรมราช,อำเภอเมืองนครศรีธรรมราช,80000,,2022-04-26 15:01,
220424DT0V8MEK,สำเร็จแล้ว,,,muiubonrat,2022-04-24 11:43,2022-04-24 11:44,บัตรเครดิต/บัตรเดบิต,,Airpay Credit Card,3.00%,Standard Delivery - ส่งธรรมดาในประเทศ-J&T Express,pickup,618604651103,2022-04-26 11:44,2022-04-24 16:20,,วิตามินบำรุงผม GIZEL❤️ ลดผมร่วง กระตุ้นการงอกใหม่ เร่งผมยาว ผมสวย มีวอลลุ่มสุขภาพดี / รีวิวเยอะมาก,,1 กล่อง,1590.00,1290.00,1,1290.00,0.00,0.00,0.00,0.00,,N,0.00,0.00,0,0.00,0.00,39.00,1290.00,0.00,0.00,0.00,0.00,1290.00,0.00,อ******ี,******59,,******รัถ13 แขวงคลองสาน เขตคลองสาน จังหวัดกรุงเทพมหานคร 10600,TH,จังหวัดกรุงเทพมหานคร,เขตคลองสาน,10600,,2022-04-25 18:49,
220424E7K263B3,ยกเลิกแล้ว,ยกเลิกโดยอัตโนมัติจากระบบของ Shopee <br>เหตุผล : ไม่มีการชำระเงิน,,peaktuan,2022-04-24 15:46,-,โอน/ชำระผ่านช่องทางธนาคาร,,Bank Transfer,3.00%,Standard Delivery - ส่งธรรมดาในประเทศ,,,,,,วิตามินบำรุงผม GIZEL❤️ ลดผมร่วง กระตุ้นการงอกใหม่ เร่งผมยาว ผมสวย มีวอลลุ่มสุขภาพดี / รีวิวเยอะมาก,,1 กล่อง,1590.00,1290.00,1,1290.00,0.00,0.00,0.00,0.00,,N,0.00,0.00,0,0.00,0.00,0.00,1290.00,0.00,0.00,0.00,0.00,0.00,0.00,พ******น,******46,,******27 ถ.ประเสริฐมนูกิจ แขวงจรเข้บัว เขตลาดพร้าว เขตลาดพร้าว จังหวัดกรุงเทพมหานคร 10230,TH,จังหวัดกรุงเทพมหานคร,เขตลาดพร้าว,10230,,,
220425FWKMDEQB,การจัดส่ง,,,ying.soba,2022-04-25 07:53,2022-04-25 10:44,ShopeePay - ตัดบัญชีธนาคาร,,Airpay GIRO,3.00%,Standard Delivery - ส่งธรรมดาในประเทศ-J&T Express,pickup,610679048066,2022-04-27 10:44,2022-04-25 14:24,,วิตามินบำรุงผม GIZEL❤️ ลดผมร่วง กระตุ้นการงอกใหม่ เร่งผมยาว ผมสวย มีวอลลุ่มสุขภาพดี / รีวิวเยอะมาก,,Set 3 กล่อง,4770.00,2490.00,1,2490.00,0.00,0.00,0.00,249.00,425DDNW,N,0.00,0.00,0,0.00,0.00,67.00,2241.00,0.00,0.00,0.00,0.00,2241.00,0.00,น******์,******58,,******งเหนือ อ.เมือง จ.ศรีสะเกษ อำเภอเมืองศรีสะเกษ จังหวัดศรีสะเกษ 33000,TH,จังหวัดศรีสะเกษ,อำเภอเมืองศรีสะเกษ,33000,,,
220427NR5DFH71,การจัดส่ง,,,browny,2022-04-27 15:31,2022-04-27 15:31,ShopeePay - ตัดบัญชีธนาคาร,,Airpay GIRO,3.00%,Standard Delivery - ส่งธรรมดาในประเทศ-J&T Express,pickup,611566217743,2022-04-29 15:31,2022-04-27 19:04,,วิตามินบำรุงผม GIZEL❤️ ลดผมร่วง กระตุ้นการงอกใหม่ เร่งผมยาว ผมสวย มีวอลลุ่มสุขภาพดี / รีวิวเยอะมาก,,เซ็ตทดลอง! 10 เม็ด,960.00,535.00,1,535.00,0.00,0.00,0.00,0.00,,N,0.00,0.00,0,0.00,0.00,16.00,535.00,0.00,0.00,0.00,0.00,535.00,0.00,ร******์,******03,,****** ถ.ราษฎอุทิศ แขวง แสนแสบ เขตมีนบุรี จังหวัดกรุงเทพมหานคร 10510,TH,จังหวัดกรุงเทพมหานคร,เขตมีนบุรี,10510,,,
220427PAEQQUV2,การจัดส่ง,,,giftsetwangsungnoen,2022-04-27 20:59,2022-04-27 20:59,บัตรเครดิต/บัตรเดบิต,,Airpay Credit Card,3.00%,Standard Delivery - ส่งธรรมดาในประเทศ-J&T Express,pickup,611364310266,2022-04-29 20:59,2022-04-28 18:40,,วิตามินบำรุงผม GIZEL❤️ ลดผมร่วง กระตุ้นการงอกใหม่ เร่งผมยาว ผมสวย มีวอลลุ่มสุขภาพดี / รีวิวเยอะมาก,,เซ็ตทดลอง! 10 เม็ด,960.00,535.00,1,535.00,0.00,0.00,0.00,0.00,,N,0.00,0.00,0,0.00,0.00,16.00,535.00,0.00,0.00,0.00,0.00,535.00,0.00,ร******น,******28,,****** ซอยหนามแดง13 ตำบลบางแก้ว อำเภอบางพลี จังหวัดสมุทรปราการ 10540,TH,จังหวัดสมุทรปราการ,อำเภอบางพลี,10540,,,